meta,sub,label,value
entertainment,anime,0,4627
entertainment,anime,1,5392
entertainment,anime,10,2169
entertainment,anime,11,2740
entertainment,anime,12,3397
entertainment,anime,13,2646
entertainment,anime,14,2616
entertainment,anime,15,3899
entertainment,anime,16,4544
entertainment,anime,17,5142
entertainment,anime,18,6591
entertainment,anime,19,9287
entertainment,anime,2,2660
entertainment,anime,20,10485
entertainment,anime,21,8225
entertainment,anime,22,5687
entertainment,anime,23,5690
entertainment,anime,3,850
entertainment,anime,4,400
entertainment,anime,5,249
entertainment,anime,6,496
entertainment,anime,7,298
entertainment,anime,8,348
entertainment,anime,9,1345
entertainment,comicbooks,0,2247
entertainment,comicbooks,1,1397
entertainment,comicbooks,10,1597
entertainment,comicbooks,11,1996
entertainment,comicbooks,12,3396
entertainment,comicbooks,13,3042
entertainment,comicbooks,14,4993
entertainment,comicbooks,15,4441
entertainment,comicbooks,16,3499
entertainment,comicbooks,17,3496
entertainment,comicbooks,18,3346
entertainment,comicbooks,19,3597
entertainment,comicbooks,2,1626
entertainment,comicbooks,20,2197
entertainment,comicbooks,21,2449
entertainment,comicbooks,22,2449
entertainment,comicbooks,23,3598
entertainment,comicbooks,3,699
entertainment,comicbooks,4,649
entertainment,comicbooks,5,699
entertainment,comicbooks,6,350
entertainment,comicbooks,7,550
entertainment,comicbooks,8,799
entertainment,comicbooks,9,448
entertainment,harrypotter,0,1649
entertainment,harrypotter,1,2146
entertainment,harrypotter,10,917
entertainment,harrypotter,11,866
entertainment,harrypotter,12,1299
entertainment,harrypotter,13,1666
entertainment,harrypotter,14,1798
entertainment,harrypotter,15,1814
entertainment,harrypotter,16,2196
entertainment,harrypotter,17,1898
entertainment,harrypotter,18,1699
entertainment,harrypotter,19,2546
entertainment,harrypotter,2,1506
entertainment,harrypotter,20,2394
entertainment,harrypotter,21,1844
entertainment,harrypotter,22,2092
entertainment,harrypotter,23,2297
entertainment,harrypotter,3,649
entertainment,harrypotter,4,600
entertainment,harrypotter,5,948
entertainment,harrypotter,6,549
entertainment,harrypotter,7,400
entertainment,harrypotter,8,568
entertainment,harrypotter,9,699
entertainment,movies,0,6195
entertainment,movies,1,6444
entertainment,movies,10,1845
entertainment,movies,11,4394
entertainment,movies,12,3898
entertainment,movies,13,3893
entertainment,movies,14,3946
entertainment,movies,15,4644
entertainment,movies,16,6442
entertainment,movies,17,5444
entertainment,movies,18,4195
entertainment,movies,19,6064
entertainment,movies,2,2791
entertainment,movies,20,8935
entertainment,movies,21,7924
entertainment,movies,22,7170
entertainment,movies,23,7443
entertainment,movies,3,950
entertainment,movies,4,649
entertainment,movies,5,700
entertainment,movies,6,399
entertainment,movies,7,1000
entertainment,movies,8,1249
entertainment,movies,9,1349
entertainment,music,0,3198
entertainment,music,1,5902
entertainment,music,10,450
entertainment,music,11,1047
entertainment,music,12,2198
entertainment,music,13,4099
entertainment,music,14,2447
entertainment,music,15,1497
entertainment,music,16,1049
entertainment,music,17,2147
entertainment,music,18,2397
entertainment,music,19,1498
entertainment,music,2,3469
entertainment,music,20,1698
entertainment,music,21,3659
entertainment,music,22,2592
entertainment,music,23,2899
entertainment,music,3,1347
entertainment,music,4,699
entertainment,music,5,897
entertainment,music,6,449
entertainment,music,7,699
entertainment,music,8,400
entertainment,music,9,600
entertainment,starwars,0,3796
entertainment,starwars,1,3863
entertainment,starwars,10,950
entertainment,starwars,11,3144
entertainment,starwars,12,2749
entertainment,starwars,13,1748
entertainment,starwars,14,2296
entertainment,starwars,15,3946
entertainment,starwars,16,2947
entertainment,starwars,17,2398
entertainment,starwars,18,2747
entertainment,starwars,19,3906
entertainment,starwars,2,1729
entertainment,starwars,20,3358
entertainment,starwars,21,3594
entertainment,starwars,22,3707
entertainment,starwars,23,3297
entertainment,starwars,3,250
entertainment,starwars,4,400
entertainment,starwars,5,512
entertainment,starwars,6,400
entertainment,starwars,7,949
entertainment,starwars,8,450
entertainment,starwars,9,697
gaming,dota2,0,4448
gaming,dota2,1,4398
gaming,dota2,10,4491
gaming,dota2,11,4656
gaming,dota2,12,4155
gaming,dota2,13,5101
gaming,dota2,14,5695
gaming,dota2,15,7952
gaming,dota2,16,8000
gaming,dota2,17,7851
gaming,dota2,18,5398
gaming,dota2,19,5855
gaming,dota2,2,3233
gaming,dota2,20,5844
gaming,dota2,21,4497
gaming,dota2,22,5545
gaming,dota2,23,4744
gaming,dota2,3,1649
gaming,dota2,4,2147
gaming,dota2,5,2098
gaming,dota2,6,1147
gaming,dota2,7,1949
gaming,dota2,8,2849
gaming,dota2,9,2296
gaming,gaming,0,4393
gaming,gaming,1,4762
gaming,gaming,10,1796
gaming,gaming,11,2158
gaming,gaming,12,3864
gaming,gaming,13,4741
gaming,gaming,14,5779
gaming,gaming,15,4781
gaming,gaming,16,7166
gaming,gaming,17,5898
gaming,gaming,18,7093
gaming,gaming,19,5646
gaming,gaming,2,4187
gaming,gaming,20,5295
gaming,gaming,21,4545
gaming,gaming,22,4149
gaming,gaming,23,3897
gaming,gaming,3,1498
gaming,gaming,4,759
gaming,gaming,5,950
gaming,gaming,6,1068
gaming,gaming,7,448
gaming,gaming,8,1073
gaming,gaming,9,1524
gaming,leagueoflegends,0,8589
gaming,leagueoflegends,1,9237
gaming,leagueoflegends,10,2925
gaming,leagueoflegends,11,4697
gaming,leagueoflegends,12,5003
gaming,leagueoflegends,13,6382
gaming,leagueoflegends,14,5727
gaming,leagueoflegends,15,7017
gaming,leagueoflegends,16,9088
gaming,leagueoflegends,17,9229
gaming,leagueoflegends,18,9384
gaming,leagueoflegends,19,9780
gaming,leagueoflegends,2,6528
gaming,leagueoflegends,20,8599
gaming,leagueoflegends,21,11972
gaming,leagueoflegends,22,11133
gaming,leagueoflegends,23,8573
gaming,leagueoflegends,3,1166
gaming,leagueoflegends,4,2548
gaming,leagueoflegends,5,2798
gaming,leagueoflegends,6,1829
gaming,leagueoflegends,7,2319
gaming,leagueoflegends,8,1421
gaming,leagueoflegends,9,2500
gaming,minecraft,0,1669
gaming,minecraft,1,1380
gaming,minecraft,10,540
gaming,minecraft,11,1083
gaming,minecraft,12,1877
gaming,minecraft,13,3153
gaming,minecraft,14,2710
gaming,minecraft,15,2076
gaming,minecraft,16,2274
gaming,minecraft,17,2415
gaming,minecraft,18,1832
gaming,minecraft,19,2565
gaming,minecraft,2,809
gaming,minecraft,20,2024
gaming,minecraft,21,1713
gaming,minecraft,22,1620
gaming,minecraft,23,836
gaming,minecraft,3,196
gaming,minecraft,4,348
gaming,minecraft,5,491
gaming,minecraft,6,345
gaming,minecraft,7,492
gaming,minecraft,8,393
gaming,minecraft,9,493
gaming,pokemon,0,4395
gaming,pokemon,1,3198
gaming,pokemon,10,1298
gaming,pokemon,11,1647
gaming,pokemon,12,2599
gaming,pokemon,13,2446
gaming,pokemon,14,4047
gaming,pokemon,15,4945
gaming,pokemon,16,4940
gaming,pokemon,17,3889
gaming,pokemon,18,3644
gaming,pokemon,19,4897
gaming,pokemon,2,2067
gaming,pokemon,20,4197
gaming,pokemon,21,4796
gaming,pokemon,22,3046
gaming,pokemon,23,3198
gaming,pokemon,3,1250
gaming,pokemon,4,899
gaming,pokemon,5,700
gaming,pokemon,6,350
gaming,pokemon,7,550
gaming,pokemon,8,750
gaming,pokemon,9,550
gaming,skyrim,0,1348
gaming,skyrim,1,1598
gaming,skyrim,10,500
gaming,skyrim,11,1099
gaming,skyrim,12,1999
gaming,skyrim,13,1698
gaming,skyrim,14,2397
gaming,skyrim,15,2750
gaming,skyrim,16,1898
gaming,skyrim,17,2799
gaming,skyrim,18,2398
gaming,skyrim,19,2147
gaming,skyrim,2,700
gaming,skyrim,20,2100
gaming,skyrim,21,2247
gaming,skyrim,22,1398
gaming,skyrim,23,1497
gaming,skyrim,3,599
gaming,skyrim,4,850
gaming,skyrim,5,650
gaming,skyrim,6,500
gaming,skyrim,7,648
gaming,skyrim,8,849
gaming,skyrim,9,499
gaming,starcraft,0,2084
gaming,starcraft,1,1450
gaming,starcraft,10,1150
gaming,starcraft,11,2000
gaming,starcraft,12,2348
gaming,starcraft,13,2646
gaming,starcraft,14,2548
gaming,starcraft,15,3197
gaming,starcraft,16,6093
gaming,starcraft,17,4743
gaming,starcraft,18,3449
gaming,starcraft,19,1899
gaming,starcraft,2,1388
gaming,starcraft,20,4394
gaming,starcraft,21,2247
gaming,starcraft,22,2497
gaming,starcraft,23,2697
gaming,starcraft,3,299
gaming,starcraft,4,699
gaming,starcraft,5,811
gaming,starcraft,6,950
gaming,starcraft,7,1398
gaming,starcraft,8,1049
gaming,starcraft,9,1198
gaming,tf2,0,2347
gaming,tf2,1,2197
gaming,tf2,10,749
gaming,tf2,11,1150
gaming,tf2,12,1949
gaming,tf2,13,1497
gaming,tf2,14,2096
gaming,tf2,15,2149
gaming,tf2,16,3496
gaming,tf2,17,3448
gaming,tf2,18,3297
gaming,tf2,19,2797
gaming,tf2,2,2327
gaming,tf2,20,3047
gaming,tf2,21,4145
gaming,tf2,22,3294
gaming,tf2,23,2549
gaming,tf2,3,900
gaming,tf2,4,549
gaming,tf2,5,950
gaming,tf2,6,550
gaming,tf2,7,499
gaming,tf2,8,300
gaming,tf2,9,599
humor,adviceanimals,0,8271
humor,adviceanimals,1,7235
humor,adviceanimals,10,3195
humor,adviceanimals,11,5448
humor,adviceanimals,12,5594
humor,adviceanimals,13,5012
humor,adviceanimals,14,4160
humor,adviceanimals,15,4856
humor,adviceanimals,16,4159
humor,adviceanimals,17,5965
humor,adviceanimals,18,5350
humor,adviceanimals,19,5817
humor,adviceanimals,2,3409
humor,adviceanimals,20,5300
humor,adviceanimals,21,4753
humor,adviceanimals,22,6704
humor,adviceanimals,23,7247
humor,adviceanimals,3,1747
humor,adviceanimals,4,1399
humor,adviceanimals,5,900
humor,adviceanimals,6,500
humor,adviceanimals,7,698
humor,adviceanimals,8,1200
humor,adviceanimals,9,1848
humor,circlejerk,0,1196
humor,circlejerk,1,1048
humor,circlejerk,10,797
humor,circlejerk,11,600
humor,circlejerk,12,549
humor,circlejerk,13,700
humor,circlejerk,14,1298
humor,circlejerk,15,849
humor,circlejerk,16,1198
humor,circlejerk,17,749
humor,circlejerk,18,897
humor,circlejerk,19,1395
humor,circlejerk,2,386
humor,circlejerk,20,996
humor,circlejerk,21,1198
humor,circlejerk,22,850
humor,circlejerk,23,1100
humor,circlejerk,3,100
humor,circlejerk,4,398
humor,circlejerk,5,299
humor,circlejerk,6,200
humor,circlejerk,7,200
humor,circlejerk,8,350
humor,circlejerk,9,200
humor,facepalm,0,1845
humor,facepalm,1,1198
humor,facepalm,10,1047
humor,facepalm,11,1547
humor,facepalm,12,3147
humor,facepalm,13,3794
humor,facepalm,14,2195
humor,facepalm,15,3248
humor,facepalm,16,4193
humor,facepalm,17,3000
humor,facepalm,18,2899
humor,facepalm,19,2695
humor,facepalm,2,1595
humor,facepalm,20,2348
humor,facepalm,21,1996
humor,facepalm,22,1996
humor,facepalm,23,2445
humor,facepalm,3,849
humor,facepalm,4,947
humor,facepalm,5,849
humor,facepalm,6,900
humor,facepalm,7,598
humor,facepalm,8,798
humor,facepalm,9,800
humor,funny,0,9512
humor,funny,1,7385
humor,funny,10,1499
humor,funny,11,2245
humor,funny,12,3844
humor,funny,13,3545
humor,funny,14,5893
humor,funny,15,8831
humor,funny,16,7365
humor,funny,17,7883
humor,funny,18,7736
humor,funny,19,9345
humor,funny,2,3901
humor,funny,20,8777
humor,funny,21,9527
humor,funny,22,10885
humor,funny,23,12058
humor,funny,3,2449
humor,funny,4,2396
humor,funny,5,1800
humor,funny,6,1597
humor,funny,7,900
humor,funny,8,1548
humor,funny,9,2249
humor,imgoingtohellforthis,0,3545
humor,imgoingtohellforthis,1,3239
humor,imgoingtohellforthis,10,995
humor,imgoingtohellforthis,11,999
humor,imgoingtohellforthis,12,1548
humor,imgoingtohellforthis,13,1691
humor,imgoingtohellforthis,14,1842
humor,imgoingtohellforthis,15,2587
humor,imgoingtohellforthis,16,2290
humor,imgoingtohellforthis,17,2591
humor,imgoingtohellforthis,18,3139
humor,imgoingtohellforthis,19,2845
humor,imgoingtohellforthis,2,1845
humor,imgoingtohellforthis,20,3087
humor,imgoingtohellforthis,21,2294
humor,imgoingtohellforthis,22,3342
humor,imgoingtohellforthis,23,3543
humor,imgoingtohellforthis,3,2140
humor,imgoingtohellforthis,4,1847
humor,imgoingtohellforthis,5,900
humor,imgoingtohellforthis,6,1296
humor,imgoingtohellforthis,7,895
humor,imgoingtohellforthis,8,1099
humor,imgoingtohellforthis,9,1397
humor,jokes,0,1696
humor,jokes,1,2198
humor,jokes,10,1098
humor,jokes,11,850
humor,jokes,12,1200
humor,jokes,13,1347
humor,jokes,14,2147
humor,jokes,15,1445
humor,jokes,16,1890
humor,jokes,17,1845
humor,jokes,18,1246
humor,jokes,19,2391
humor,jokes,2,838
humor,jokes,20,2346
humor,jokes,21,1047
humor,jokes,22,1200
humor,jokes,23,1746
humor,jokes,3,450
humor,jokes,4,450
humor,jokes,5,349
humor,jokes,6,250
humor,jokes,7,749
humor,jokes,8,449
humor,jokes,9,798
learning,askhistorians,0,749
learning,askhistorians,1,449
learning,askhistorians,10,399
learning,askhistorians,11,399
learning,askhistorians,12,200
learning,askhistorians,13,249
learning,askhistorians,14,994
learning,askhistorians,15,600
learning,askhistorians,16,650
learning,askhistorians,17,399
learning,askhistorians,18,798
learning,askhistorians,19,650
learning,askhistorians,2,200
learning,askhistorians,20,600
learning,askhistorians,21,549
learning,askhistorians,22,649
learning,askhistorians,23,998
learning,askhistorians,3,150
learning,askhistorians,4,50
learning,askhistorians,5,100
learning,askhistorians,6,50
learning,askhistorians,8,150
learning,askhistorians,9,99
learning,askscience,0,497
learning,askscience,1,449
learning,askscience,10,349
learning,askscience,11,1498
learning,askscience,12,1799
learning,askscience,13,1447
learning,askscience,14,1048
learning,askscience,15,1099
learning,askscience,16,1899
learning,askscience,17,900
learning,askscience,18,1549
learning,askscience,19,950
learning,askscience,2,597
learning,askscience,20,1000
learning,askscience,21,1148
learning,askscience,22,900
learning,askscience,23,1799
learning,askscience,3,349
learning,askscience,4,349
learning,askscience,5,350
learning,askscience,6,450
learning,askscience,7,250
learning,askscience,8,350
learning,askscience,9,350
learning,explainlikeimfive,0,4302
learning,explainlikeimfive,1,4011
learning,explainlikeimfive,10,650
learning,explainlikeimfive,11,748
learning,explainlikeimfive,12,799
learning,explainlikeimfive,13,998
learning,explainlikeimfive,14,749
learning,explainlikeimfive,15,200
learning,explainlikeimfive,16,698
learning,explainlikeimfive,17,449
learning,explainlikeimfive,18,898
learning,explainlikeimfive,19,699
learning,explainlikeimfive,2,815
learning,explainlikeimfive,20,1545
learning,explainlikeimfive,21,1900
learning,explainlikeimfive,22,1849
learning,explainlikeimfive,23,2411
learning,explainlikeimfive,3,600
learning,explainlikeimfive,4,550
learning,explainlikeimfive,5,598
learning,explainlikeimfive,6,450
learning,explainlikeimfive,7,350
learning,explainlikeimfive,8,300
learning,explainlikeimfive,9,400
learning,science,0,1999
learning,science,1,1449
learning,science,10,4045
learning,science,11,1798
learning,science,12,1049
learning,science,13,1149
learning,science,14,1349
learning,science,15,1297
learning,science,16,1147
learning,science,17,1847
learning,science,18,1897
learning,science,19,2045
learning,science,2,847
learning,science,20,1894
learning,science,21,1399
learning,science,22,1149
learning,science,23,1198
learning,science,3,848
learning,science,4,449
learning,science,5,348
learning,science,6,600
learning,science,7,798
learning,science,8,699
learning,science,9,3342
learning,space,0,1000
learning,space,1,1247
learning,space,10,600
learning,space,11,650
learning,space,12,1098
learning,space,13,999
learning,space,14,1499
learning,space,15,1900
learning,space,16,1348
learning,space,17,1150
learning,space,18,1448
learning,space,19,1097
learning,space,2,748
learning,space,20,1096
learning,space,21,950
learning,space,22,1299
learning,space,23,1199
learning,space,3,549
learning,space,4,350
learning,space,5,549
learning,space,6,250
learning,space,7,549
learning,space,8,600
learning,space,9,350
learning,todayilearned,0,6889
learning,todayilearned,1,5181
learning,todayilearned,10,1845
learning,todayilearned,11,1598
learning,todayilearned,12,2547
learning,todayilearned,13,2796
learning,todayilearned,14,3245
learning,todayilearned,15,2898
learning,todayilearned,16,3746
learning,todayilearned,17,4344
learning,todayilearned,18,4345
learning,todayilearned,19,4395
learning,todayilearned,2,3131
learning,todayilearned,20,4740
learning,todayilearned,21,3847
learning,todayilearned,22,4843
learning,todayilearned,23,6285
learning,todayilearned,3,1196
learning,todayilearned,4,1050
learning,todayilearned,5,896
learning,todayilearned,6,799
learning,todayilearned,7,648
learning,todayilearned,8,948
learning,todayilearned,9,1798
learning,youshouldknow,0,3147
learning,youshouldknow,1,3693
learning,youshouldknow,10,2844
learning,youshouldknow,11,3299
learning,youshouldknow,12,3597
learning,youshouldknow,13,3799
learning,youshouldknow,14,3250
learning,youshouldknow,15,4249
learning,youshouldknow,16,4449
learning,youshouldknow,17,3947
learning,youshouldknow,18,4095
learning,youshouldknow,19,3997
learning,youshouldknow,2,2749
learning,youshouldknow,20,3296
learning,youshouldknow,21,2544
learning,youshouldknow,22,3699
learning,youshouldknow,23,3746
learning,youshouldknow,3,3446
learning,youshouldknow,4,2743
learning,youshouldknow,5,2597
learning,youshouldknow,6,1799
learning,youshouldknow,7,2247
learning,youshouldknow,8,2446
learning,youshouldknow,9,3000
lifestyle,drunk,0,1199
lifestyle,drunk,1,1599
lifestyle,drunk,10,900
lifestyle,drunk,11,300
lifestyle,drunk,12,550
lifestyle,drunk,13,550
lifestyle,drunk,14,799
lifestyle,drunk,15,648
lifestyle,drunk,16,849
lifestyle,drunk,17,1200
lifestyle,drunk,18,549
lifestyle,drunk,19,1249
lifestyle,drunk,2,1898
lifestyle,drunk,20,798
lifestyle,drunk,21,1296
lifestyle,drunk,22,1249
lifestyle,drunk,23,1349
lifestyle,drunk,3,1847
lifestyle,drunk,4,649
lifestyle,drunk,5,1148
lifestyle,drunk,6,599
lifestyle,drunk,7,349
lifestyle,drunk,8,150
lifestyle,drunk,9,200
lifestyle,food,0,1898
lifestyle,food,1,2095
lifestyle,food,10,899
lifestyle,food,11,1250
lifestyle,food,12,1249
lifestyle,food,13,1796
lifestyle,food,14,2150
lifestyle,food,15,2995
lifestyle,food,16,2747
lifestyle,food,17,2596
lifestyle,food,18,1498
lifestyle,food,19,1549
lifestyle,food,2,659
lifestyle,food,20,900
lifestyle,food,21,1895
lifestyle,food,22,1746
lifestyle,food,23,1500
lifestyle,food,3,450
lifestyle,food,4,500
lifestyle,food,5,200
lifestyle,food,6,150
lifestyle,food,7,105
lifestyle,food,8,399
lifestyle,food,9,600
lifestyle,frugal,0,3245
lifestyle,frugal,1,3032
lifestyle,frugal,10,1149
lifestyle,frugal,11,2398
lifestyle,frugal,12,4046
lifestyle,frugal,13,3495
lifestyle,frugal,14,2647
lifestyle,frugal,15,3896
lifestyle,frugal,16,3648
lifestyle,frugal,17,3450
lifestyle,frugal,18,3648
lifestyle,frugal,19,3445
lifestyle,frugal,2,1747
lifestyle,frugal,20,4044
lifestyle,frugal,21,3446
lifestyle,frugal,22,3698
lifestyle,frugal,23,3996
lifestyle,frugal,3,1544
lifestyle,frugal,4,1549
lifestyle,frugal,5,698
lifestyle,frugal,6,499
lifestyle,frugal,7,647
lifestyle,frugal,8,499
lifestyle,frugal,9,1049
lifestyle,guns,0,3994
lifestyle,guns,1,3347
lifestyle,guns,10,699
lifestyle,guns,11,1296
lifestyle,guns,12,1496
lifestyle,guns,13,1739
lifestyle,guns,14,1346
lifestyle,guns,15,2448
lifestyle,guns,16,3047
lifestyle,guns,17,3346
lifestyle,guns,18,3295
lifestyle,guns,19,4152
lifestyle,guns,2,1503
lifestyle,guns,20,4244
lifestyle,guns,21,4593
lifestyle,guns,22,4098
lifestyle,guns,23,4242
lifestyle,guns,3,600
lifestyle,guns,4,498
lifestyle,guns,5,400
lifestyle,guns,6,250
lifestyle,guns,7,148
lifestyle,guns,8,249
lifestyle,guns,9,350
lifestyle,lifehacks,0,3036
lifestyle,lifehacks,1,2808
lifestyle,lifehacks,10,2640
lifestyle,lifehacks,11,2499
lifestyle,lifehacks,12,2996
lifestyle,lifehacks,13,3547
lifestyle,lifehacks,14,3800
lifestyle,lifehacks,15,3089
lifestyle,lifehacks,16,3793
lifestyle,lifehacks,17,4484
lifestyle,lifehacks,18,4231
lifestyle,lifehacks,19,4179
lifestyle,lifehacks,2,2286
lifestyle,lifehacks,20,3348
lifestyle,lifehacks,21,3521
lifestyle,lifehacks,22,2886
lifestyle,lifehacks,23,4087
lifestyle,lifehacks,3,2139
lifestyle,lifehacks,4,1449
lifestyle,lifehacks,5,1194
lifestyle,lifehacks,6,1492
lifestyle,lifehacks,7,1399
lifestyle,lifehacks,8,1199
lifestyle,lifehacks,9,2199
lifestyle,motorcycles,0,2847
lifestyle,motorcycles,1,2647
lifestyle,motorcycles,10,1298
lifestyle,motorcycles,11,2449
lifestyle,motorcycles,12,2748
lifestyle,motorcycles,13,2691
lifestyle,motorcycles,14,2748
lifestyle,motorcycles,15,3199
lifestyle,motorcycles,16,3045
lifestyle,motorcycles,17,2894
lifestyle,motorcycles,18,4046
lifestyle,motorcycles,19,3098
lifestyle,motorcycles,2,851
lifestyle,motorcycles,20,2693
lifestyle,motorcycles,21,3396
lifestyle,motorcycles,22,3346
lifestyle,motorcycles,23,3195
lifestyle,motorcycles,3,450
lifestyle,motorcycles,4,450
lifestyle,motorcycles,5,648
lifestyle,motorcycles,6,599
lifestyle,motorcycles,7,647
lifestyle,motorcycles,8,499
lifestyle,motorcycles,9,948
lifestyle,progresspics,0,2995
lifestyle,progresspics,1,2547
lifestyle,progresspics,10,1144
lifestyle,progresspics,11,4376
lifestyle,progresspics,12,2488
lifestyle,progresspics,13,2592
lifestyle,progresspics,14,2992
lifestyle,progresspics,15,2844
lifestyle,progresspics,16,2795
lifestyle,progresspics,17,3241
lifestyle,progresspics,18,2191
lifestyle,progresspics,19,2146
lifestyle,progresspics,2,1806
lifestyle,progresspics,20,2295
lifestyle,progresspics,21,1995
lifestyle,progresspics,22,2997
lifestyle,progresspics,23,2344
lifestyle,progresspics,3,1144
lifestyle,progresspics,4,597
lifestyle,progresspics,5,1093
lifestyle,progresspics,6,699
lifestyle,progresspics,7,1150
lifestyle,progresspics,8,895
lifestyle,progresspics,9,1390
lifestyle,sex,0,3145
lifestyle,sex,1,3441
lifestyle,sex,10,1850
lifestyle,sex,11,1497
lifestyle,sex,12,1649
lifestyle,sex,13,3399
lifestyle,sex,14,2394
lifestyle,sex,15,2449
lifestyle,sex,16,2099
lifestyle,sex,17,2049
lifestyle,sex,18,2684
lifestyle,sex,19,3243
lifestyle,sex,2,1150
lifestyle,sex,20,3142
lifestyle,sex,21,3197
lifestyle,sex,22,2243
lifestyle,sex,23,2697
lifestyle,sex,3,699
lifestyle,sex,4,600
lifestyle,sex,5,150
lifestyle,sex,6,550
lifestyle,sex,7,300
lifestyle,sex,8,598
lifestyle,sex,9,1436
news,conservative,0,1737
news,conservative,1,1308
news,conservative,10,955
news,conservative,11,1069
news,conservative,12,1459
news,conservative,13,1465
news,conservative,14,1855
news,conservative,15,1464
news,conservative,16,1522
news,conservative,17,1461
news,conservative,18,1184
news,conservative,19,1913
news,conservative,2,335
news,conservative,20,1296
news,conservative,21,2077
news,conservative,22,1567
news,conservative,23,2524
news,conservative,3,221
news,conservative,4,167
news,conservative,5,56
news,conservative,7,112
news,conservative,8,165
news,conservative,9,226
news,conspiracy,0,2097
news,conspiracy,1,1728
news,conspiracy,10,817
news,conspiracy,11,1396
news,conspiracy,12,2281
news,conspiracy,13,1979
news,conspiracy,14,2030
news,conspiracy,15,1756
news,conspiracy,16,2618
news,conspiracy,17,1857
news,conspiracy,18,2981
news,conspiracy,19,2027
news,conspiracy,2,440
news,conspiracy,20,2719
news,conspiracy,21,1431
news,conspiracy,22,1725
news,conspiracy,23,2289
news,conspiracy,3,312
news,conspiracy,4,249
news,conspiracy,5,124
news,conspiracy,6,503
news,conspiracy,7,377
news,conspiracy,8,441
news,conspiracy,9,957
news,libertarian,0,2121
news,libertarian,1,2156
news,libertarian,10,871
news,libertarian,11,1439
news,libertarian,12,932
news,libertarian,13,1745
news,libertarian,14,1874
news,libertarian,15,1997
news,libertarian,16,2094
news,libertarian,17,2174
news,libertarian,18,1994
news,libertarian,19,1739
news,libertarian,2,677
news,libertarian,20,1625
news,libertarian,21,1760
news,libertarian,22,1692
news,libertarian,23,2570
news,libertarian,3,626
news,libertarian,4,246
news,libertarian,5,689
news,libertarian,6,375
news,libertarian,7,126
news,libertarian,8,684
news,libertarian,9,566
news,news,0,8015
news,news,1,6378
news,news,10,2568
news,news,11,3331
news,news,12,4189
news,news,13,3217
news,news,14,2698
news,news,15,4825
news,news,16,3217
news,news,17,5459
news,news,18,4044
news,news,19,4431
news,news,2,1776
news,news,20,4859
news,news,21,3987
news,news,22,5460
news,news,23,6453
news,news,3,1210
news,news,4,767
news,news,5,764
news,news,6,384
news,news,7,831
news,news,8,446
news,news,9,1410
news,offbeat,0,804
news,offbeat,1,804
news,offbeat,10,2025
news,offbeat,11,1784
news,offbeat,12,1803
news,offbeat,13,1551
news,offbeat,14,1412
news,offbeat,15,1548
news,offbeat,16,1608
news,offbeat,17,1234
news,offbeat,18,1174
news,offbeat,19,1110
news,offbeat,2,431
news,offbeat,20,1115
news,offbeat,21,1420
news,offbeat,22,618
news,offbeat,23,744
news,offbeat,3,430
news,offbeat,4,184
news,offbeat,5,307
news,offbeat,6,123
news,offbeat,7,185
news,offbeat,8,555
news,offbeat,9,1230
news,politics,0,5386
news,politics,1,6007
news,politics,10,2626
news,politics,11,3645
news,politics,12,5844
news,politics,13,5481
news,politics,14,6758
news,politics,15,5325
news,politics,16,5736
news,politics,17,4794
news,politics,18,6282
news,politics,19,6722
news,politics,2,987
news,politics,20,5673
news,politics,21,5171
news,politics,22,6825
news,politics,23,4895
news,politics,3,909
news,politics,4,662
news,politics,5,595
news,politics,6,318
news,politics,7,296
news,politics,8,548
news,politics,9,1346
news,truereddit,0,1270
news,truereddit,1,1201
news,truereddit,10,2007
news,truereddit,11,1829
news,truereddit,12,2056
news,truereddit,13,2428
news,truereddit,14,3224
news,truereddit,15,2540
news,truereddit,16,1154
news,truereddit,17,1152
news,truereddit,18,1815
news,truereddit,19,1580
news,truereddit,2,1152
news,truereddit,20,2072
news,truereddit,21,1511
news,truereddit,22,1512
news,truereddit,23,1464
news,truereddit,3,1395
news,truereddit,4,784
news,truereddit,5,297
news,truereddit,6,244
news,truereddit,7,846
news,truereddit,8,604
news,truereddit,9,913
news,worldnews,0,6714
news,worldnews,1,5708
news,worldnews,10,2333
news,worldnews,11,3068
news,worldnews,12,3385
news,worldnews,13,3177
news,worldnews,14,3798
news,worldnews,15,3905
news,worldnews,16,3791
news,worldnews,17,3335
news,worldnews,18,3448
news,worldnews,19,4107
news,worldnews,2,2315
news,worldnews,20,3902
news,worldnews,21,3760
news,worldnews,22,5089
news,worldnews,23,4875
news,worldnews,3,1916
news,worldnews,4,2078
news,worldnews,5,1632
news,worldnews,6,997
news,worldnews,7,1146
news,worldnews,8,1522
news,worldnews,9,2088
television,breakingbad,0,1547
television,breakingbad,1,1499
television,breakingbad,10,1248
television,breakingbad,11,1350
television,breakingbad,12,750
television,breakingbad,13,1998
television,breakingbad,14,2049
television,breakingbad,15,1997
television,breakingbad,16,1748
television,breakingbad,17,1946
television,breakingbad,18,1596
television,breakingbad,19,1793
television,breakingbad,2,1098
television,breakingbad,20,2598
television,breakingbad,21,1448
television,breakingbad,22,1448
television,breakingbad,23,1700
television,breakingbad,3,1747
television,breakingbad,4,1050
television,breakingbad,5,1099
television,breakingbad,6,399
television,breakingbad,7,500
television,breakingbad,8,800
television,breakingbad,9,850
television,community,0,2398
television,community,1,1698
television,community,10,1350
television,community,11,1199
television,community,12,1699
television,community,13,1899
television,community,14,1899
television,community,15,2698
television,community,16,3047
television,community,17,2798
television,community,18,2599
television,community,19,1998
television,community,2,1850
television,community,20,1948
television,community,21,1749
television,community,22,2046
television,community,23,2149
television,community,3,1199
television,community,4,948
television,community,5,499
television,community,6,700
television,community,7,700
television,community,8,1099
television,community,9,1195
television,doctorwho,0,1548
television,doctorwho,1,1848
television,doctorwho,10,949
television,doctorwho,11,899
television,doctorwho,12,1349
television,doctorwho,13,1498
television,doctorwho,14,1648
television,doctorwho,15,1947
television,doctorwho,16,1948
television,doctorwho,17,2297
television,doctorwho,18,2247
television,doctorwho,19,1647
television,doctorwho,2,1148
television,doctorwho,20,2549
television,doctorwho,21,2099
television,doctorwho,22,1599
television,doctorwho,23,2047
television,doctorwho,3,699
television,doctorwho,4,399
television,doctorwho,5,500
television,doctorwho,6,500
television,doctorwho,7,749
television,doctorwho,8,500
television,doctorwho,9,1097
television,gameofthrones,0,2397
television,gameofthrones,1,2196
television,gameofthrones,10,1148
television,gameofthrones,11,1347
television,gameofthrones,12,2095
television,gameofthrones,13,3095
television,gameofthrones,14,2797
television,gameofthrones,15,2447
television,gameofthrones,16,1897
television,gameofthrones,17,2100
television,gameofthrones,18,2000
television,gameofthrones,19,1997
television,gameofthrones,2,1645
television,gameofthrones,20,2745
television,gameofthrones,21,1398
television,gameofthrones,22,2096
television,gameofthrones,23,3743
television,gameofthrones,3,948
television,gameofthrones,4,899
television,gameofthrones,5,800
television,gameofthrones,6,350
television,gameofthrones,7,750
television,gameofthrones,8,1195
television,gameofthrones,9,1098
television,himym,0,749
television,himym,1,1400
television,himym,10,700
television,himym,11,1598
television,himym,12,1250
television,himym,13,1948
television,himym,14,1697
television,himym,15,1748
television,himym,16,1949
television,himym,17,1698
television,himym,18,1297
television,himym,19,1700
television,himym,2,900
television,himym,20,997
television,himym,21,1798
television,himym,22,1200
television,himym,23,1849
television,himym,3,1050
television,himym,4,749
television,himym,5,450
television,himym,6,600
television,himym,7,748
television,himym,8,350
television,himym,9,747
television,mylittlepony,0,1500
television,mylittlepony,1,1849
television,mylittlepony,10,649
television,mylittlepony,11,449
television,mylittlepony,12,1499
television,mylittlepony,13,946
television,mylittlepony,14,2050
television,mylittlepony,15,1247
television,mylittlepony,16,700
television,mylittlepony,17,750
television,mylittlepony,18,1448
television,mylittlepony,19,1200
television,mylittlepony,2,1108
television,mylittlepony,20,1448
television,mylittlepony,21,2248
television,mylittlepony,22,1700
television,mylittlepony,23,1149
television,mylittlepony,3,149
television,mylittlepony,4,350
television,mylittlepony,6,300
television,mylittlepony,7,650
television,mylittlepony,8,350
television,mylittlepony,9,200
television,startrek,0,2199
television,startrek,1,2445
television,startrek,10,1098
television,startrek,11,1349
television,startrek,12,2548
television,startrek,13,2246
television,startrek,14,2848
television,startrek,15,2246
television,startrek,16,2549
television,startrek,17,2847
television,startrek,18,2896
television,startrek,19,1399
television,startrek,2,1650
television,startrek,20,2249
television,startrek,21,1698
television,startrek,22,1898
television,startrek,23,1198
television,startrek,3,1650
television,startrek,4,1100
television,startrek,5,798
television,startrek,6,999
television,startrek,7,750
television,startrek,8,748
television,startrek,9,1200
television,thewalkingdead,0,7135
television,thewalkingdead,1,3997
television,thewalkingdead,10,1547
television,thewalkingdead,11,3546
television,thewalkingdead,12,3546
television,thewalkingdead,13,4245
television,thewalkingdead,14,5795
television,thewalkingdead,15,6809
television,thewalkingdead,16,3496
television,thewalkingdead,17,3944
television,thewalkingdead,18,4196
television,thewalkingdead,19,3648
television,thewalkingdead,2,2824
television,thewalkingdead,20,2846
television,thewalkingdead,21,3300
television,thewalkingdead,22,2446
television,thewalkingdead,23,2799
television,thewalkingdead,3,1397
television,thewalkingdead,4,1299
television,thewalkingdead,5,1149
television,thewalkingdead,6,949
television,thewalkingdead,7,549
television,thewalkingdead,8,850
television,thewalkingdead,9,798