,geese are such dicks,http://i.imgur.com/CFSsYrn.gifv,465l2k,funny,humor,1455669906,RespectMyAuthoriteh,200,0,802430,71474,1
,noone knows what its like. .,http://imgur.com/FF1W703,46281v,funny,humor,1455625737,MarkBlackUltor,1806,0,1812,1003,0
,checkin ' that ass,http://imgur.com/qLZur1I,464cz6,funny,humor,1455653892,tennisguy96,422,0,7419,890,0
,this is my wife 's actual ocd medication .,http://i.imgur.com/op31loS.jpg,461eqf,funny,humor,1455607712,Rotech,4427,0,3929,7,0
,bride 's dress must be too sexy. groom tries to hide it .,http://i.imgur.com/y3Ot3Y7.jpg,4659oc,funny,humor,1455665319,marlowned,223,0,5895,22929,0
,guys. guys ! i finally found out what updog is .,http://imgur.com/h9Vjr4K,463jn0,funny,humor,1455644022,explicitlarynx,634,0,790,3919,0
,no fucks given,http://i.imgur.com/dkz2BQV.jpg,463lan,funny,humor,1455644575,IamtheDenmarkian,577,0,143059,3060,1
,the way kanye west has been acting recently,http://imgur.com/oNDaPtv,465wwr,funny,humor,1455674526,SweetHoneyPoon,124,0,11014,180,0
,offline shopping,http://imgur.com/VzxiCNb,4624st,funny,humor,1455623779,TheVeryNearFuture,1562,0,10513,53,0
,"this is what happens when you start a paper airplane war with your friends at your wedding supper , the bride was collateral damage !",http://imgur.com/GirPpcG,462pkp,funny,humor,1455633694,Sbeaudette,913,0,750,206,0
,curious little guy wondering what we were cooking for dinner,http://i.imgur.com/KMn4FE8.jpg?1,465kf5,funny,humor,1455669655,J-P-G,120,0,179,5,0
,"gentlemen , it has been a privilege playing with you tonight",http://i.imgur.com/doROcz9.jpg,4616uh,funny,humor,1455603416,potatopigs,3513,0,7161,849,0
,this guy grew up,http://i.imgur.com/ZEy3koO.jpg,466cr5,funny,humor,1455680511,petegex,68,0,5344,12885,1
,some dream she 's having.. .,http://i.imgur.com/ipOT3BX.gifv,465vm2,funny,humor,1455674039,lessons_learnt,90,0,246714,22412,1
,"if you 're going to be stupid , you have to be tough",http://imgur.com/io4fzps.gif,46699o,funny,humor,1455679192,grendel9191,65,0,1142,454,0
,i know it 's you cosmo and wanda .,http://imgur.com/n8wXPBL,463t12,funny,humor,1455647205,ChaGz,333,0,3471,1561,0
,what every it admin prays for .,http://imgur.com/a1qygt8,462crr,funny,humor,1455628105,crazykerryman,853,0,662,-22,0
,i think i will just use my data.... .,http://i.imgur.com/mMNOK5Y.jpg,463jx7,funny,humor,1455644120,SergeantSeymourbutts,374,0,6556,17672,0
,his face says more than words ever could,http://imgur.com/bpRmazV,466gav,funny,humor,1455681903,TimeWaffle,51,0,2054,794,0
,nailed it.. .,http://i.imgur.com/NH4I8o6.jpg,46098d,funny,humor,1455589306,lessons_learnt,5269,0,246714,22412,1
,canada !,https://i.imgur.com/Q7sqqyC.jpg,465c2j,funny,humor,1455666254,Ben-A-Flick,100,0,1602,140,0
,my box of batteries came in the mail today. .,http://imgur.com/IirUaRP,4641ob,funny,humor,1455650077,_____hi_____,217,0,6183,2837,0
,every fucking morning,http://imgur.com/DqgP4DV,4609wg,funny,humor,1455589580,PM_ME_UR_MUMS_TITS,4767,0,3617,1570,0
,chivalry,http://i.imgur.com/5MmFCTj.jpg,465z0x,funny,humor,1455675321,fingercup,56,0,1888,15256,1
,nothing like chapstick to help remind you not to rape someone .,http://imgur.com/Ofe3gMi,465on7,funny,humor,1455671325,Konstanse1214,74,0,403,16,0
,got an unexpected laugh at the market today,http://imgur.com/sqX148g,465ou4,funny,humor,1455671409,ogodojeez,70,0,49,2148,0
,the most evil of all evils,http://imgur.com/gallery/s1sQUNA,460b8k,funny,humor,1455590095,HollyStej,4452,0,3932,1289,0
,he sure did n't know what he was doing,http://i.imgur.com/iXr5mh2.gifv,462eg9,funny,humor,1455628871,namraka,604,0,1544674,61981,1
,is true then,http://i.imgur.com/4z3cqP7.jpg,460ijx,funny,humor,1455592984,lepperandfriends,3749,0,7271,1582,0
,it 's a trap,http://i.imgur.com/LhhOgPn.png,465mtm,funny,humor,1455670605,fingercup,71,0,1888,15256,1
,how to stop arguing with a girl,http://i.imgur.com/yNhxZTd.gifv,461p31,funny,humor,1455614371,sabeelasafeer,1183,0,901,246,0
,my brother made this for his gf on v-day .,http://i.imgur.com/k4A0PiM.jpg,4664eb,funny,humor,1455677341,ryancav,42,0,9383,2494,0
,yami knew what was up,http://imgur.com/oPLWb8z,45zzjb,funny,humor,1455585643,Watimdoingwithmylife,4665,0,24230,878,0
,greenest lettuce i 've ever seen,http://imgur.com/mALbV5B,4658rf,funny,humor,1455664960,brahhman,79,0,180,30,0
,as a train... i 'd hit that,http://i.imgur.com/e5CBjPy.jpg,465yew,funny,humor,1455675094,fingercup,43,0,1888,15256,1
,law of action-erection,http://imgur.com/Jsjsrz4.gifv,4664t5,funny,humor,1455677500,lovincit,40,0,2980,492,0
,all praise pdf,http://i.imgur.com/1zp6oVn.jpg,461nq2,funny,humor,1455613499,Earle3265,1026,0,964,27,0
,"as a canadian , this is me during these winter storms in the us",http://i.imgur.com/NcV0kZ9.jpg,466bsd,funny,humor,1455680136,petegex,34,0,5344,12885,1
,so true . .,http://imgur.com/gallery/AIBWR0O,462dbv,funny,humor,1455628358,bvnmau,468,0,463,4,0
,male wisdom,http://imgur.com/UWLOwT8,45zt7e,funny,humor,1455583271,JoseCuervoYO,4560,0,5855,2190,0
,she will kill me at home.. .,http://imgur.com/slpu6Re,466dj8,funny,humor,1455680798,TheScrrr,28,0,417,-2,0
,the stuff you find on craigslist... .,http://imgur.com/a/SZiQ4,462tqz,funny,humor,1455635405,bmanley34,306,0,256,3,0
,dinner with friends,http://deathbulge.com/comics/193,4643vs,funny,humor,1455650827,jappbart,136,0,153,51,0
,you begged for it.. .,http://imgur.com/A7mVwzO,464fou,funny,humor,1455654842,tennisguy96,108,0,7419,890,0
,when you ca n't deny the beat anymore,http://i.imgur.com/FjCcDR8.gifv,460vf3,funny,humor,1455598310,buzznights,1941,0,10117,83679,1
,this is how you tell a girl you like her,http://imgur.com/gallery/4D5Cnfx,45zm8i,funny,humor,1455580658,SFaridzadeh,4683,0,23888,676,0
,he 's telling us something.. .,http://imgur.com/NPRrtXm,46636i,funny,humor,1455676879,Girburrito,35,0,104,17,0
,she 'll never know. it 'll be our little secret .,http://imgur.com/IyKWY4Z,4648pk,funny,humor,1455652424,tennisguy96,117,0,7419,890,0
,tragic accident,http://i.imgur.com/SOxFKRn.jpg,4659ih,funny,humor,1455665254,taioshin14,62,0,48,5,0
,""" i made that bitch famous """,http://www.theroot.com/content/dam/theroot/blogs/the_grapevine/2014/05/ray_j_offers_sex_tape_profits_to_kanye_west_and_kim_kardashian_as_wedding/kimkardashianandrayj4.jpg.CROP.rtstoryvar-large.jpg,466egp,funny,humor,1455681163,FappyMcFapper5,26,0,1383,1338,0
,best pizza box i have ever seen,http://imgur.com/NcnQGQ2,465ll4,funny,humor,1455670112,Gr0undh0gsniper,47,0,74,7,0
,sums up my youth,http://i.imgur.com/rM0UT8S.jpg,466dbl,funny,humor,1455680720,fingercup,27,0,1888,15256,1
,you never listen. .,http://imgur.com/tfbtLLq,464kyx,funny,humor,1455656643,cedrilik,91,0,82,0,0
,arl is going to be ok ( twd spoiler alert ),http://i.imgur.com/3p8Bbb2.jpg,465zlq,funny,humor,1455675524,mungoflago,32,0,4537,2407,1
,i ai n't gon na be a part of your system,http://imgur.com/KPw3QSz,45zsmh,funny,humor,1455583049,Blind_Witness,3706,0,64626,497,1
,somebody had a bad trip to the gym .,http://imgur.com/uBswQXS,465z7f,funny,humor,1455675381,pariah13,32,0,38815,14738,0
,i admit i ’ ve fallen for this,http://imgur.com/QFP73g2,462vs7,funny,humor,1455636160,verkoren,233,0,8511,237,0
,when you do n't trim your nails before playing with the pussy,http://www.imgur.com/1LkXZs4.gifv,4663bg,funny,humor,1455676931,bkzland,27,0,212,1200,0
,why not ?,http://imgur.com/WOJ97YQ,466d4f,funny,humor,1455680647,fingercup,23,0,1888,15256,1
,whenever anyone calls me a nerd,http://imgur.com/4LZTBXF,45zcui,funny,humor,1455577228,PrincessHira,4216,0,9844,291,0
,"it 's okay ellen , we understand",http://imgur.com/gallery/3C8oOfw,4668pj,funny,humor,1455678986,wrecklessdemise,23,0,15,12,0
,my dogs were playing and when i whistled these are the looks they gave me .,http://imgur.com/0Kzf7AQ,465r1i,funny,humor,1455672280,F-MA,31,0,66,0,0
,sold,http://imgur.com/tbxdfKj,45yw5b,funny,humor,1455572205,Booger-T,5138,0,15803,4299,0
,"that first step , she 's a doozy",http://i.imgur.com/ARPyvsm.gifv,464vo9,funny,humor,1455660367,The__Axie,54,0,43,899,0
a physicist tells him  do nt jump  you have so much potential  ,a man is about to jump off a building .,https://www.reddit.com/r/Jokes/comments/462m6l/a_man_is_about_to_jump_off_a_building/,462m6l,jokes,humor,1455632216,luivzilla,16,0,15838,5750,0
ice cubes ,what do you call the kid of an iceland and cuban parents ?,https://www.reddit.com/r/Jokes/comments/463h5m/what_do_you_call_the_kid_of_an_iceland_and_cuban/,463h5m,jokes,humor,1455643236,crewnots,8,0,78,9865,0
because it is next to the ac,why is b so cool ?,https://www.reddit.com/r/Jokes/comments/466pes/why_is_b_so_cool/,466pes,jokes,humor,1455685821,Rom3y,1,0,19,9,0
thunderwear ,what kind of shorts do clouds wear ?,https://www.reddit.com/r/Jokes/comments/463n31/what_kind_of_shorts_do_clouds_wear/,463n31,jokes,humor,1455645147,porcupinetri,7,0,1,271,0
an incontinental breakfast,what do you call it when you shit yourself during the first meal of the day ?,https://www.reddit.com/r/Jokes/comments/464pwr/what_do_you_call_it_when_you_shit_yourself_during/,464pwr,jokes,humor,1455658379,LightningLemur,4,0,2357,75,0
but if i had to name 5 of the fattest people i know  she d be three of them ,i 'm not saying she 's fat.. .,https://www.reddit.com/r/Jokes/comments/45yixd/im_not_saying_shes_fat/,45yixd,jokes,humor,1455568058,spydeewhydee,400,0,1,40,0
one night a police officer was staking out a particularly rowdy bar for possible violations of the drivingundertheinfluence laws at closing time  he saw a fellow stumble out of the bar  trip on the curb and try his keys on five different cars before he found his then sat in the front seat fumbling around with his keys for several minutes  everyone else left the bar and drove off  finally as he started his engine and began to pull away the police officer stopped the driver  read him his rights and administered the breathalyzer test  the results showed a reading of 00 the puzzled officer demanded to know how that could be  the driver replied   tonight i m the designated decoy ,guy walks out of a bar.. .,https://www.reddit.com/r/Jokes/comments/466nj1/guy_walks_out_of_a_bar/,466nj1,jokes,humor,1455684998,80sDweeb,1,0,1,2,0
she said no both times ,"9 years ago , i asked the girl of my dreams out on a date. today , i asked her to marry me .",https://www.reddit.com/r/Jokes/comments/45zd83/9_years_ago_i_asked_the_girl_of_my_dreams_out_on/,45zd83,jokes,humor,1455577341,TheRealCalypso,239,0,39798,58405,0
urethra ,what did archimedes exclaim when he discovered his penis floated in water ?,https://www.reddit.com/r/Jokes/comments/466l31/what_did_archimedes_exclaim_when_he_discovered/,466l31,jokes,humor,1455683903,malenkylizards,0,0,950,111300,0
seems to be in bed with a lot of people these days ,i wish i could be like wall street,https://www.reddit.com/r/Jokes/comments/466k3y/i_wish_i_could_be_like_wall_street/,466k3y,jokes,humor,1455683492,slasherman,1,0,12149,598,0
a guy asks a girl to a dance she says yes  so he immediately starts preparing he goes to the car rental  stands in line to rent a limo he goes to the tailor  stands in line to rent a tux then he goes to the florist  and stands in line to get his date a corsage  the big night finally comes  so he goes to pick up his date  wearing his rented tux  in his rented limo  with her fancy corsage they drive to the dance  stand in line to get in  then finally  they re inside she says she s thirsty  so he goes to get her some punch there is no punchline ,a guy asks a girl to a dance.. .,https://www.reddit.com/r/Jokes/comments/463mpd/a_guy_asks_a_girl_to_a_dance/,463mpd,jokes,humor,1455645022,5ives,7,0,26208,5725,0
because it s always black and white ,why do people with ocd like family feud ?,https://www.reddit.com/r/Jokes/comments/465j8u/why_do_people_with_ocd_like_family_feud/,465j8u,jokes,humor,1455669191,ThePersonYouHate,2,0,2,544,0
i have selfdefecating humor,i 'm such a shitty person,https://www.reddit.com/r/Jokes/comments/466gdz/im_such_a_shitty_person/,466gdz,jokes,humor,1455681935,FeelsGood2,1,0,40,1267,0
grandma and grandpa are sitting at church on easter sunday  and grandma leans over and whispers   i just let out a silent fart  what should i do   grandpa leans back and replies   you should get new batteries for your hearing aids  ,grandma and grandpa,https://www.reddit.com/r/Jokes/comments/461yc5/grandma_and_grandpa/,461yc5,jokes,humor,1455619749,80sDweeb,22,0,1,2,0
i mean  what s 53 small loans after all ,"if anyone should donate to kanye , it should be donald trump.. .",https://www.reddit.com/r/Jokes/comments/465gjy/if_anyone_should_donate_to_kanye_it_should_be/,465gjy,jokes,humor,1455668046,AdreesInator,2,0,1,513,0
it was nt just because they were black the police had probable caws ,why did the cops pulls the crows over ?,https://www.reddit.com/r/Jokes/comments/466f1m/why_did_the_cops_pulls_the_crows_over/,466f1m,jokes,humor,1455681387,MolotovDodgeball,0,0,15583,4920,0
 deleted ,tifu by mocking a reddit mod,https://www.reddit.com/r/Jokes/comments/464dze/tifu_by_mocking_a_reddit_mod/,464dze,jokes,humor,1455654239,icecoldmind,2,0,6,158,0
do nt worry ladies  i also donated  780 to hilary ,i donated $ 10 to bernie 's campaign,https://www.reddit.com/r/Jokes/comments/462amt/i_donated_10_to_bernies_campaign/,462amt,jokes,humor,1455627090,dubbsmqt,3884,0,112,15005,0
a man enters a bar and the bartender comes over and asks  can i help you sir    the man answers  what does a cup of coffee cost in this place    the bartender says  that would be  260    alright  i ll have one  says the client and he takes 26 dimes out of his wallet and he throws them on the ground  the bartender does nt want to get involved in a fight so he just picks up the money and he brings the man his coffee  a week later  the same man enters the bar he orders a coffee again but this time he pays with a five dollar bill  the bartender smelled an opportunity for revenge and when he brings the coffee  he throws 48 nickels on the ground as change the client throws 2 extra dimes on the floor and orders a second coffee  edit  grammar teehee ,a man orders a coffee,https://www.reddit.com/r/Jokes/comments/4637jo/a_man_orders_a_coffee/,4637jo,jokes,humor,1455640181,Vliolix,1639,0,295,201,0
so there was this man in bulgaria who drove a train for a living he loved his job  driving a train had been his dream ever since he was a child he loved to make the train go as fast as possible  unfortunately  one day he was a little too reckless and caused a crash he made it out  but a single person died well  needless to say  he went to court over this incident he was found guilty  and was sentenced to death by electrocution  when the day of the execution came  he requested a single banana as his last meal after eating the banana  he was strapped into the electric chair the switch was flown  sparks flew and smoke filled the air but nothing happened the man was perfectly fine  well  at the time  there was an old bulgarian law that said a failed execution was a sign of divine intervention  so the man was allowed to go free and somehow  he managed to get his old job back driving the train having not learned his lesson at all  he went right back to driving the train with reckless abandon once again  he caused a train to crash  this time killing two people the trial went much the same as the first  resulting in a sentence of execution for his final meal  the man requested two bananas after eating the bananas  he was strapped into the electric chair the switch was thrown  sparks flew  smoke filled the room and the man was once again unharmed  well  this of course meant that he was free to go and once again  he somehow manages to get his old job back to what should have been the surprise of no one  he crashed yet another train and killed three people and so he once again found himself being sentenced to death on the day of his execution  he requested his final meal three bananas   you know what  no   said the executioner  i ve had it with you and your stupid bananas and walking out of here unharmed i m not giving you a thing to eat  we re strapping you in and doing this now  well  it was against protocol  but the man was strapped in to the electric chair without a last meal the switch was pulled  sparks flew  smoke filled the room and the man was still unharmed the executioner was speechless  the man looked at the executioner and said  oh  the bananas had nothing to do with it i m just a bad conductor   i stole this from a friend sorry mate ,there was a man in bulgaria who drove a train .,https://www.reddit.com/r/Jokes/comments/462sr9/there_was_a_man_in_bulgaria_who_drove_a_train/,462sr9,jokes,humor,1455635015,quincebolis,638,0,6013,24981,0
my girlfriend told me i was one in a million when i looked through her text messages  i had to admit she was right ,my girlfriend told me i was one in a million,https://www.reddit.com/r/Jokes/comments/463vfk/my_girlfriend_told_me_i_was_one_in_a_million/,463vfk,jokes,humor,1455648017,jackdreamer1993,263,0,2,0,0
took me ages to get her husband s voice right ,"i have just started a sexual relationship with a blind woman. it 's very rewarding , but quite challenging .",https://www.reddit.com/r/Jokes/comments/460hms/i_have_just_started_a_sexual_relationship_with_a/,460hms,jokes,humor,1455592630,Lrat,4187,0,1,619,0
a guy goes to the supermarket and notices an attractive woman waving at him she says hello he  s rather taken aback because he can  t place where he knows her from so he says   do you know me   to which she replies   i think you  re the father of one of my kids  now his mind travels back to the only time he has ever been unfaithful to his wife and says   my god  are you the stripper from my bachelor party that i made love to on the pool table with all my buddies watching while your partner whipped my butt with wet celery   she looks into his eyes and says calmly   no  i  m your son  s teacher ,stripper from the bachelor party,https://www.reddit.com/r/Jokes/comments/4668vr/stripper_from_the_bachelor_party/,4668vr,jokes,humor,1455679048,NittanySteve,43,0,1,287,0
please do nt upvote  her strapon is huge ,"my girlfriend said that if this get 1000 upvotes , we will try anal !",https://www.reddit.com/r/Jokes/comments/4655oe/my_girlfriend_said_that_if_this_get_1000_upvotes/,4655oe,jokes,humor,1455663816,icallmydadstranger,81,0,21922,426,0
21st floor person goes  ahhhhhhhhhh  thump  1st floor goes   thump  ahhhhhhhhhh,what 's the difference between someone falling from 21st floor and 1st floor ?,https://www.reddit.com/r/Jokes/comments/4647zd/whats_the_difference_between_someone_falling_from/,4647zd,jokes,humor,1455652187,TaurusFecalMatter,131,0,1,571,0
i ll be home in 20 minutes,what does bill clinton say to hilary after sex ?,https://www.reddit.com/r/Jokes/comments/4627oo/what_does_bill_clinton_say_to_hilary_after_sex/,4627oo,jokes,humor,1455625533,Sushi_love,508,0,429,4337,0
to render the buildings on the other side,[ gaming ] why did the console player cross the road ?,https://www.reddit.com/r/Jokes/comments/462zzt/gaming_why_did_the_console_player_cross_the_road/,462zzt,jokes,humor,1455637648,smarterthansheldon,220,0,1908,386,0
a redneck at his family reunion,the only thing harder than diamonds,https://www.reddit.com/r/Jokes/comments/465n4m/the_only_thing_harder_than_diamonds/,465n4m,jokes,humor,1455670718,naclbetter,39,0,1,30,0
a lawyer had just bought a fancy new car  and was eager to show it off to his colleagues  when an eighteen wheeler came out of nowhere and took off the driver s side door with him standing right there  nooo   he screamed  because he knew that no matter how good a mechanic tried to fix it  it would never be the same finally  a cop came by  and the lawyer ran up to him yelling   my bentley door was just ruined by some foolish driver      you re a lawyer are nt you   asked the policeman   yes  i am  but what does that have to do with my car      the lawyer asked   ha  you lawyers are so materialistic all you care about is your possessions i bet you did nt even notice that your left arm is missing did you   the cop said  the lawyer looked down at his side and exclaimed   my rolex  ,the lawyer 's car,https://www.reddit.com/r/Jokes/comments/466je4/the_lawyers_car/,466je4,jokes,humor,1455683161,80sDweeb,21,0,1,2,0
a naked women robs a bank nobody could remember her face ,a naked women robs a bank,https://www.reddit.com/r/Jokes/comments/463x9j/a_naked_women_robs_a_bank/,463x9j,jokes,humor,1455648617,jackdreamer1993,106,0,2,0,0
get to know them instead  and you ll find there are  literally hundreds  of other  perfectly valid reasons to hate them ,"it seems so pointless to hate people for their race , religion , or sexual orientation .",https://www.reddit.com/r/Jokes/comments/463ux9/it_seems_so_pointless_to_hate_people_for_their/,463ux9,jokes,humor,1455647846,coupland,112,0,21385,12973,0
holly holm declined the rematch though ,ronda rousey says she contemplated suicide .,https://www.reddit.com/r/Jokes/comments/464fmw/ronda_rousey_says_she_contemplated_suicide/,464fmw,jokes,humor,1455654826,dependentrightshark,76,0,1,2780,0
a man knocks on the door of a supposed to be exclusive  brothel  through a small window in the doorthe madam says   what can i do for yousir    i d like to get screwed   he answered   this is an exclusive club   she explains  to joinyou must slip a thousand dollars under the door  the man does sobut the door does nt open  so he knocks again and the madam reappears the man says   hey  i d like to get screwed  the madam   again  ,a man knocks on the door of a supposed to be 'exclusive ' brothel,https://www.reddit.com/r/Jokes/comments/464wiw/a_man_knocks_on_the_door_of_a_supposed_to_be/,464wiw,jokes,humor,1455660626,xKar10,44,0,1,0,0
guess i should ve put it on aloha temperature ,just burnt my hawaiian pizza.. .,https://www.reddit.com/r/Jokes/comments/461vzk/just_burnt_my_hawaiian_pizza/,461vzk,jokes,humor,1455618407,Akshatfcb,359,0,3559,509,0
he is following his grandfather around his grandfather gets on a big tractor to mow the lawn  fascinated  johnny says   wow  can i try to drive it   his granddad replies   can the tip of your penis touch your asshole   johnny  shocked  says  no   then you re not old enough  in taking a break from mowing  he pulls out a cigar and starts to smoke   wow  can i have a puff    can the tip of your penis touch your asshole    no   then you re not old enough  the old man finishes mowing and goes inside and cracks open a beer   wow  can i have a sip   can the tip of your penis touch your asshole    no   then you re not old enough  later in the evening  johnny is sitting in front of the tv eating cookies his grandmother made him his grandpa comes into the room and says  wow  can i have a cookie   johnny stares at him blankly and says   can the tip of your penis touch your asshole   his grandfather smugly says  why as a matterof fact  it can  johnny looks up from the tv and says   then go fuck yourself  these are my cookies  ,little johnny is spending the weekend at his grandparents house,https://www.reddit.com/r/Jokes/comments/463nqd/little_johnny_is_spending_the_weekend_at_his/,463nqd,jokes,humor,1455645367,Plz_Dont_Gild_Me,83,0,173,124643,1
it runs in your jeans  credit to my younger brother on this one,did you know that diarrhea is hereditary ?,https://www.reddit.com/r/Jokes/comments/466c82/did_you_know_that_diarrhea_is_hereditary/,466c82,jokes,humor,1455680304,WildWallabeast,14,0,4,156,0
a man is driving down the highway going 90 mph when he is pulled over by a cop the cop walks up to the car and talks to the man  cop  do you know i clocked you going 90 mph  i m going to have to give you a ticket  man  please officer  i m on my way to the city my son is in the hospital and i need to be with him  cop  i m sorry but i need to give you a ticket  man  sir  i ve never had a ticket in over 40 years of driving can you please let me go  cop  how about this  i ask you a question if you get it right you get no ticket  but if you re wrong you get a ticket fair  man  sounds fair  cop  you re driving down the highway at night  and in the other lane you see 2 square lights coming toward you what is it  man  well its a car  cop  that s not specific enough  it could be a honda  a chevy or a ford  man  well that s just not fair  cop  well how about this one  you re driving down the highway and you see a singular light coming toward you what is it  man  well its obviously a motorcycle  cop  that s not specific enough  it could be a harley davidson  could be a honda  or a kawasaki man  sir these questions just are nt fair  cop  oh well  looks like you re getting a ticket  man  how about this  i ask you a question if you get it right you give me a ticket  if you re wrong i do nt get a ticket fair  cop  go ahead  man  you re driving down the street when all of a sudden you see this woman dressed very scantily  with her cleavage showing  a lot of make up  a little purse and every man that walks by her she hits on what is that  cop  well its obviously a whore  man  well that s not specific enough  it could be your wife  your mother  your daughter or your sister ,speeding ticket test,https://www.reddit.com/r/Jokes/comments/46605l/speeding_ticket_test/,46605l,jokes,humor,1455675733,ajm0031,16,0,9843,164,0
but when i drink fanta no one says i  m fantastic ,when i drink alcohol... everyone says that i 'm alcoholic,https://www.reddit.com/r/Jokes/comments/464o0l/when_i_drink_alcohol_everyone_says_that_im/,464o0l,jokes,humor,1455657709,OlliOlliOxenFree,38,0,533,545,0
oh great  some arsehole s got my pen,a nurse goes to sign a discharge form and pulls a rectal thermometer out of her pocket .,https://www.reddit.com/r/Jokes/comments/465ldl/a_nurse_goes_to_sign_a_discharge_form_and_pulls_a/,465ldl,jokes,humor,1455670033,Stimlife,20,0,9,875,0
feels great and then you look down and realize you re gay ,wearing crocs is like getting your dick sucked by a man .,https://www.reddit.com/r/Jokes/comments/466itx/wearing_crocs_is_like_getting_your_dick_sucked_by/,466itx,jokes,humor,1455682942,wordsnob,12,0,3,1862,1
to everyone s surprise  the presentation was very interesting for once many felt like this was a valuable use of time  as the presenter finished up  he said   i hope you have found use in my presentation today  but i would warn you  be careful about using these techniques at home the other night i was watching as my wife did the dinner dishes  and noticed some inefficiency in her technique wanting to be helpful  i advised her of several small improvements that could add up to maximum efficiency  one of the attendees raised their hand   did it work  did the dishwashing become more efficient    oh yes   the consultant replied   before my advice  my wife took 18 minutes to finish the dishes  now i do it in 12 ,a company hire an efficiency expert as a consultant .,https://www.reddit.com/r/Jokes/comments/4639s3/a_company_hire_an_efficiency_expert_as_a/,4639s3,jokes,humor,1455640890,JohnRonaldReuelT,68,0,1,386,0
mitosis,what did the biologist say to his sister when she dropped a flask on his foot ?,https://www.reddit.com/r/Jokes/comments/463mll/what_did_the_biologist_say_to_his_sister_when_she/,463mll,jokes,humor,1455644988,greenleafz19,49,0,1,5,0
a heroine addict ,what do you call a comic book hero that is constantly hooked on having sex with female superheroes ?,https://www.reddit.com/r/Jokes/comments/4649no/what_do_you_call_a_comic_book_hero_that_is/,4649no,jokes,humor,1455652749,PeaceHoesAnCamelToes,34,0,5,1143,0
a woman in a bikini reveals about 90  of her body and yet most men are so polite they only look at the covered parts ,a woman in a bikini reveals about 90 % of her body,https://www.reddit.com/r/Jokes/comments/46413p/a_woman_in_a_bikini_reveals_about_90_of_her_body/,46413p,jokes,humor,1455649885,jackdreamer1993,37,0,2,0,0
about some books about pavlov s dogs and schroedinger s cat she said it rings a bell  but does nt know if it s here or not ,i asked a librarian,https://www.reddit.com/r/Jokes/comments/464tkk/i_asked_a_librarian/,464tkk,jokes,humor,1455659628,icantfind_a_username,24,0,5042,2155,0
so i beat him up and took his dinner money off him ,my wife told me to prepare our ginger son for his first day at school .,https://www.reddit.com/r/Jokes/comments/464e96/my_wife_told_me_to_prepare_our_ginger_son_for_his/,464e96,jokes,humor,1455654334,lekepeo,30,0,4703,0,0
to avoid using negative numbers ,i 'll stop at nothing.. .,https://www.reddit.com/r/Jokes/comments/466hsh/ill_stop_at_nothing/,466hsh,jokes,humor,1455682519,NittanySteve,7,0,1,287,0
saint peter   you were indeed a good man come  i will walk you to heaven  they started walking through a long hall on the walls  there were lots and lots of watches curious  the man asks  john   what s the deal with all these watches   saint peter   you see  these are called lying watches everytime someone says a lie  the arms move look at this one for example it belonged to mother teresa its arms never moved  not even once we also have lying watches for every profession of mankind here are the lawyers   engineers   farmers  john   what about this empty spot   saint peter   oh  here it used to be the politicians  watch  john   what happened to it   saint peter   jesus uses it as a fan in his office ,john dies and he meets saint peter .,https://www.reddit.com/r/Jokes/comments/463tsh/john_dies_and_he_meets_saint_peter/,463tsh,jokes,humor,1455647469,NiiSomn,44,0,366,66,0
but we made reservations ,native americans are all pissed that we took their land when they were here first.. .,https://www.reddit.com/r/Jokes/comments/466l6c/native_americans_are_all_pissed_that_we_took/,466l6c,jokes,humor,1455683939,Mnmshow182,6,0,7676,70,0
 it  s a huge event why aren  t you excited    because i  m not a football fan my parents love basketball  so i do too   says the student   well  that  s a lousy reason   says the teacher  what if your parents were morons  what would you be then    then i  d be a football fan ,a first-grade teacher can ’ t believe her student isn ’ t hyped up about the super bowl .,https://www.reddit.com/r/Jokes/comments/46447l/a_firstgrade_teacher_cant_believe_her_student/,46447l,jokes,humor,1455650930,JeffHardy12132,29,0,1,-6,0
a pastor goes to the dentist for a set of false teeth the first sunday after he gets his new teeth  he talks for only eight minutes the second sunday  he talks for only ten minutes the following sunday  he talks for 2 hours and 48 minutes  the congregation had to mob him to get him down from the pulpit and they asked him what happened  the pastor explains the first sunday his gums hurt so bad he could nt talk for more than 8 minutes the second sunday his gums hurt too much to talk for more than 10 minutes but  the third sunday  he put his wife s  teeth in by mistake and he could nt shut up ,false teeth .,https://www.reddit.com/r/Jokes/comments/4641i4/false_teeth/,4641i4,jokes,humor,1455650020,dsquard,31,0,23828,26777,0
the question was   what is commonly found in cells   apparently   african americans  was nt the correct answer ,i failed my biology test today .,https://www.reddit.com/r/Jokes/comments/465rr2/i_failed_my_biology_test_today/,465rr2,jokes,humor,1455672545,alcatraz94,9,0,1,75,0
to draw blood ,why does a blonde nurse carry around a red pen ?,https://www.reddit.com/r/Jokes/comments/463yvh/why_does_a_blonde_nurse_carry_around_a_red_pen/,463yvh,jokes,humor,1455649133,spydeewhydee,32,0,1,40,0
morbidly obeef,what is the medical term for a fat cow ?,https://www.reddit.com/r/Jokes/comments/464z2k/what_is_the_medical_term_for_a_fat_cow/,464z2k,jokes,humor,1455661511,mrfunnyguy345,17,0,1,6,0
then it dawned on me,"i woke up this morning and forgot which side the sun rises from,",https://www.reddit.com/r/Jokes/comments/464j6r/i_woke_up_this_morning_and_forgot_which_side_the/,464j6r,jokes,humor,1455656021,spydeewhydee,21,0,1,40,0
he got off ,the police arrested a man with a bondage fetish .,https://www.reddit.com/r/Jokes/comments/462dz5/the_police_arrested_a_man_with_a_bondage_fetish/,462dz5,jokes,humor,1455628648,h77IM,86,0,2047,22781,0
at least he ll never have to get it reengraved,jeb bush just tweeted a picture of a gun engraved with 'gov. jeb bush ' with the caption 'america',https://www.reddit.com/r/Jokes/comments/464wwv/jeb_bush_just_tweeted_a_picture_of_a_gun_engraved/,464wwv,jokes,humor,1455660759,Houston_002,19,0,4385,2665,0
a man goes to join an order of monks  the head monk says to the man  this is a silent order you will only be allowed to speak once  every 15 years  the man says  ok  and so begins his time with the silent order  15 years pass and the man is sitting in the refectory when the head monk approaches and says to the man  it has been fifteen years what would you like to say brother    the man responds   the porridge could do with a little more sugar  the head monk nods in acknowledgement and walks away  another 15 years pass and the head monk finds the man in the dormitory and says  brother  it has been another 15 years what is it that you wish to say     the bed sheets are a bit thin  replies the man again the head monk nods in acknowledgement  yet another 15 years pass and the head monk sees the man and asks  15 years have passed have you anything to say     well actually i ve been thinking about it and i m leaving the order it s not really for me  says the man   yes  yes  sighs the head monk  i think that s for the best you ve done nothing but fucking complain since you got here ,a man joins an order of monks .,https://www.reddit.com/r/Jokes/comments/45ww9i/a_man_joins_an_order_of_monks/,45ww9i,jokes,humor,1455549339,Flyberius,4997,0,3226,38241,0
he says   aw  i forgot to feed the dogs again  ,pavlov hears a bell ring.. .,https://www.reddit.com/r/Jokes/comments/466cqi/pavlov_hears_a_bell_ring/,466cqi,jokes,humor,1455680505,pigporkman,9,0,1,46,0
the difference between using chemicals to remove polish  and using chemicals to remove polish ,capital letters.. .,https://www.reddit.com/r/Jokes/comments/461yo4/capital_letters/,461yo4,jokes,humor,1455619946,ConsiderablyMediocre,124,0,48632,34226,0
we re watching the grammys as a family when the sam hunt and carrie underwood performance came up we watched it in silence and then talked about the performance once it finished my mother thought sam hunt looked similar to someone and thus the joke begins  mom   hmm that guy looks like someone else does he have any family   dad   gives a thoughtful look before replying   yeah he looks really familiar oh  his brother is mike   mom   mike hunt     my dad breaks out into the biggest grin on record and we both start laughing our asses off  mom   oh   dammit   ,my dad just won the nonexistent grammy joke competition .,https://www.reddit.com/r/Jokes/comments/460bwc/my_dad_just_won_the_nonexistent_grammy_joke/,460bwc,jokes,humor,1455590337,TheQuestionableYarn,522,0,52,6803,0
lincoln  he was in a cent,which american president was not guilty ?,https://www.reddit.com/r/Jokes/comments/465wni/which_american_president_was_not_guilty/,465wni,jokes,humor,1455674424,IsThisNameGood,7,0,248,2010,0
a woman said to her mother   all the pervert wants is anal sex my rectum is now the size of a 50cent piece  it used to be about the size of a dime   her mother replied   you re married to a multimillionaire businessman  you live in an 8 bedroom mansion  you drive a ferrari  you get  2000 a week allowance  you take 6 vacations a year and you want to throw all that away over some asshole worth 40 fucking cents  ,i 'm divorcing norman,https://www.reddit.com/r/Jokes/comments/464wqc/im_divorcing_norman/,464wqc,jokes,humor,1455660701,Cruzinspeed,15,0,4114,5433,0
the penguin asks   how long will it be   the mechanic says   just a few minutes  so the penguin decides to go get an ice cream at the grocery store across the street when the penguin gets there  he climbs inside the big freezer door and starts to eat ice cream  three hours go by before the penguin looks at his watch and jumps out of the freezer and races back to the mechanic  with ice cream all over his face and his stomach  he asks   so how s my car   the mechanic comes walking out wiping his hands on a rag and says   looks like you blew a seal  the penguin says   no  i was just eating ice cream ,"on a really hot day , a penguin takes his car to a mechanic",https://www.reddit.com/r/Jokes/comments/46488j/on_a_really_hot_day_a_penguin_takes_his_car_to_a/,46488j,jokes,humor,1455652265,BoydSchidt,20,0,1355,187,0
i thought it was mean ,my math teacher called me average the other day .,https://www.reddit.com/r/Jokes/comments/460usx/my_math_teacher_called_me_average_the_other_day/,460usx,jokes,humor,1455598030,scaldinghotcarl,317,0,1,106,0
why  then  i just use his last name ,"there was this one lady , she named all her kids leeroy. another woman at the park asked her why. she said cause when i want them to do something i just say "" leeroy you better clean this up "" or "" leeroy come to dinner "" and they all do it. but what if one is in trouble the woman asked ?",https://www.reddit.com/r/Jokes/comments/46664k/there_was_this_one_lady_she_named_all_her_kids/,46664k,jokes,humor,1455678010,eFrazes,5,0,4922,3268,0
isaac newton died a virgin ,what 's the difference between isaac newton and the baby i just stabbed to death ?,https://www.reddit.com/r/Jokes/comments/46187n/whats_the_difference_between_isaac_newton_and_the/,46187n,jokes,humor,1455604110,crashdemon,220,0,13084,9718,0
a moth goes into a podiatrist  s office  and the podiatrist  s office says   what seems to be the problem  moth   the moth says  what  s the problem  where do i begin  man  i go to work for gregory illinivich  and all day long i work honestly doc  i don  t even know what i  m doing anymore i don  t even know if gregory illinivich knows he only knows that he has power over me  and that seems to bring him happiness but i don  t know  i wake up in a malaise  and i walk here and there  at night i  i sometimes wake up and i turn to some old lady in my bed that  s on my arm a lady that i once loved  doc i don  t know where to turn to my youngest  alexendria  she fell in the  in the cold of last year the cold took her down  as it did many of us and my other boy  and this is the hardest pill to swallow  doc my other boy  gregarro ivinalititavitch  i no longer love him as much as it pains me to say  when i look in his eyes  all i see is the same cowardice that i  that i catch when i take a glimpse of my own face in the mirror if only i wasn  t such a coward  then perhaps  perhaps i could bring myself to reach over to that cocked and loaded gun that lays on the bedside behind me and end this hellish facade once and for all  doc  sometimes i feel like a spider  even though i  m a moth  just barely hanging on to my web with an everlasting fire underneath me i  m not feeling good and so the doctor says   moth  man  you  re troubled but you should be seeing a psychiatrist why on earth did you come here   and the moth says    cause the light was on  norm macdonald,a moth goes into a podiatrist 's office.. .,https://www.reddit.com/r/Jokes/comments/466ake/a_moth_goes_into_a_podiatrists_office/,466ake,jokes,humor,1455679674,NittanySteve,5,0,1,287,0
you re doing it too fast ,"remember , if you smoke after sex.. .",https://www.reddit.com/r/Jokes/comments/464cpc/remember_if_you_smoke_after_sex/,464cpc,jokes,humor,1455653798,spydeewhydee,17,0,1,40,0
it s a trap ,"do n't spell "" part "" backward !",https://www.reddit.com/r/Jokes/comments/4632hm/dont_spell_part_backward/,4632hm,jokes,humor,1455638515,Baltrian,32,0,1,31,0
you get an unpleasant vowel movement ,what happens when u change position too fast ?,https://www.reddit.com/r/Jokes/comments/46572t/what_happens_when_u_change_position_too_fast/,46572t,jokes,humor,1455664319,toddch,10,0,134,80,0
a redneck virgin ,what do you call a girl who can run faster than her brother ?,https://www.reddit.com/r/Jokes/comments/465tqa/what_do_you_call_a_girl_who_can_run_faster_than/,465tqa,jokes,humor,1455673298,NappeExo,5,0,3,195,0
so as an adult  i had to step in  they did nt stand a chance ,just saw two elementary school kids in a fistfight.. .,https://www.reddit.com/r/Jokes/comments/4603la/just_saw_two_elementary_school_kids_in_a_fistfight/,4603la,jokes,humor,1455587149,Lancewastaken,397,0,6817,2911,1
they are captured by some by some cannibals the chief tells them in order not to be eaten  they must go search and collect 10 of the same fruit from somewhere on the island and bring it back to him they split up and go searching for fruits  guy number one comes back carrying ten apples the chief tells him in order to live  he must put all 10 of the apples up his butt without any noise or displays of emotion he fits two up his butt and starts crying and is killed and eaten  guy number two comes back carrying 10 cherries the chief tells him in order to live  he must put all 10 of the cherries up his butt without any noise or displays of emotion he puts 8 up his butt and starts laughing he is killed and eaten  guy number 1 and 2 meet up in heaven guy one askes  you almost did it  you were so close why did you start laughing  guy number 2 says  i saw guy number 3 coming with pineapples ,three men get stranded on an island .,https://www.reddit.com/r/Jokes/comments/4660qu/three_men_get_stranded_on_an_island/,4660qu,jokes,humor,1455675967,fruitseller24,4,0,6,735,0
he had 8020 vision,did you hear about the guy who got ground beef in his eyes ?,https://www.reddit.com/r/Jokes/comments/466cp3/did_you_hear_about_the_guy_who_got_ground_beef_in/,466cp3,jokes,humor,1455680491,SirLoin027,4,0,1,1,0
she kept spelling  run   it was weird  i had to get out of there ,i was having sex with my teacher last night,https://www.reddit.com/r/Jokes/comments/4655ku/i_was_having_sex_with_my_teacher_last_night/,4655ku,jokes,humor,1455663776,ZeJaye,6,0,535,0,0
the rearview mirrors,how do you distinguish a french tank from a british tank ?,https://www.reddit.com/r/Jokes/comments/4654w1/how_do_you_distinguish_a_french_tank_from_a/,4654w1,jokes,humor,1455663551,leviathannTV,7,0,1,12,0
urine trouble ,when you get a bladder infection,https://www.reddit.com/r/Jokes/comments/463z2y/when_you_get_a_bladder_infection/,463z2y,jokes,humor,1455649199,bananchoklad,14,0,1,-4,0
you hear a gunshot and a second after you see 8 black guys running away ,watching the olympic 100m is like witnessing a crime,https://www.reddit.com/r/Jokes/comments/4620zr/watching_the_olympic_100m_is_like_witnessing_a/,4620zr,jokes,humor,1455621378,Daan93,52,0,6,1972,0
it s been cold and dark and  well  dank  down in their molehill baby mole is too young to remember the warm days of spring  one fine morning in march a breeze from above wafts through the burrow  do you smell that   cries mr mole as he scurries up the narrow tunnel to the entrance to the burrow   i do   replies mrs mole  and follows him so quickly that she and mr mole become wedged at the opening to their home  baby mole followsbut there is no room for him to poke his head out of the hole   oh  just smell that  it s finally spring   calls daddy   oh  yes  there is nothing that smells this sweet   replies mama  can you smell it baby     no  replies baby mole  all i can smell is molasses ,it 's been a long hard winter for mr. and mrs. mole.. .,https://www.reddit.com/r/Jokes/comments/464kdh/its_been_a_long_hard_winter_for_mr_and_mrs_mole/,464kdh,jokes,humor,1455656441,oogieboogie1996,10,0,12176,9766,0
clothed minded,what do you call a republican fashion director ?,https://www.reddit.com/r/Jokes/comments/4664bk/what_do_you_call_a_republican_fashion_director/,4664bk,jokes,humor,1455677313,Mahimah,2,0,277,5587,0
at first he could nt succeed eventually he pull it off ,a leper tried to masturbate.. .,https://www.reddit.com/r/Jokes/comments/461vp3/a_leper_tried_to_masturbate/,461vp3,jokes,humor,1455618223,bahbuhbah,61,0,1,174,0
aye matey ,what did the pirate say when he turned 80,https://www.reddit.com/r/Jokes/comments/461pux/what_did_the_pirate_say_when_he_turned_80/,461pux,jokes,humor,1455614838,LeverShan,67,0,302,327,0
time bombs ,what really ticks people off ?,https://www.reddit.com/r/Jokes/comments/466lvw/what_really_ticks_people_off/,466lvw,jokes,humor,1455684256,NickelPickle5,2,0,1,11,0
a young engineer was leaving the office at 5  45 pm when he found the ceo standing in front of a shredder with a piece of paper in his hand   listen   said the ceo   this is a very sensitive and important document  and my secretary is not here can you make this thing work    certainly   said the young engineer he turned on the machine  inserted the paper  and pressed the start button   excellent  excellent   said the ceo as his paper disappeared inside the machine   i just need one copy ,helpful engineer,https://www.reddit.com/r/Jokes/comments/466kvw/helpful_engineer/,466kvw,jokes,humor,1455683820,80sDweeb,1,0,1,2,0
because it s a gas planet,why do n't jews go to jupiter ?,https://www.reddit.com/r/Jokes/comments/462ywn/why_dont_jews_go_to_jupiter/,462ywn,jokes,humor,1455637266,LavaMeteor,17,0,41322,9983,0
beef stroganoff ,what do you call a masturbating cow ?,https://www.reddit.com/r/Jokes/comments/4636gz/what_do_you_call_a_masturbating_cow/,4636gz,jokes,humor,1455639857,Cal_Rogdon,19,0,1072,100,0
join the crusades and have been caught in the bazaars of constantinople by the saracen army dodging in between the shops they spy an alleyway and dash down it seeing its a dead end they look for a place to hide they notice three large wicker baskets they all jump in one and with baited breath wait for the soldiers to walk by  the commander of the saracen patrol isnt stupid and checks the alleyway spotting the three baskets and with his scimitar pokes the first basket the englishman  expecting this says  woof  woof   the saracen  content walks up and pokes the next basket   meow  meow   says the scotsman the commander moves onto the third basket  paddys basket  gives it a poke  potato s ,"englishman , scotsman and an irishman.. .",https://www.reddit.com/r/Jokes/comments/462hca/englishman_scotsman_and_an_irishman/,462hca,jokes,humor,1455630125,shotgun883,29,0,318,469,0
 i m feeling funny ,what did the clown say after having a few drinks ?,https://www.reddit.com/r/Jokes/comments/464fpj/what_did_the_clown_say_after_having_a_few_drinks/,464fpj,jokes,humor,1455654848,Breakfast4,7,0,93,2985,0
 breasts would be pointless ,without nipples.. .,https://www.reddit.com/r/Jokes/comments/464fic/without_nipples/,464fic,jokes,humor,1455654777,spydeewhydee,8,0,1,40,0
what s 18 inches long and hangs in front of an asshole  trump s tie,what 's 18 inches long and hangs in front of an asshole ?,https://www.reddit.com/r/Jokes/comments/460rky/whats_18_inches_long_and_hangs_in_front_of_an/,460rky,jokes,humor,1455596668,Crickeett,157,0,1,96,0
an old irish world war ii spitfire pilot and flying ace  was speaking in a church and reminiscing about his war experiences  in 1942   he says   the situation was really tough the germans had a very strong air force i remember   he continues   one day i was protecting the bombers and suddenly  out of the clouds  these fokkers appeared  there are a few gasps from the parishioners  and several of the children began to giggle  i looked up  and realized that two of the fokkers were directly above me i aimed at the first one and shot him down by then  though  the other fokker was right on my tail  at this point  several of the elderly ladies of the church were blushing with embarrassment  the girls were all giggling and the boys laughing loudly the pastor finally stands up and says   i think i should point out that fokker  was the name of a germandutch aircraft company  who made many of the planes used by the germans during the war   yes  that s true   says the old pilot   but these fokkers were flying messerschmitts ,irish ww2 pilot,https://www.reddit.com/r/Jokes/comments/4651qu/irish_ww2_pilot/,4651qu,jokes,humor,1455662430,wadie31,4,0,1027,40,0
she replies   snoopy snow white cinderella dopey pinocchio harry potter ariel 8  the tech support guy ask   why such a long password    i was told it needs to have 7 characters and one number  she replies ,a blonde called tech support and was asked for her password,https://www.reddit.com/r/Jokes/comments/466b8q/a_blonde_called_tech_support_and_was_asked_for/,466b8q,jokes,humor,1455679938,Trtlman,2,0,5789,3035,0
after quasimodo s death  the bishop of the cathedral of notre dame sent word through the streets of paris that a new bell ringer was needed the bishop decided that he would conduct the interviews personally and went up into the belfry to begin the screening process after observing several applicants demonstrate their skills  he had decided to call it a day just then  an armless man approached him and announced that he was there to apply for the bell ringer s job the bishop was incredulous   you have no arms   laughed the bishop  no matter   said the man  observe   and he began striking the bells with his head  producing a beautiful melody on the carillon the bishop listened in astonishment  convinced he had finally found a replacement for quasimodo but suddenly  as he rushed forward to strike the bell again  the armless man tripped and plunged headlong out of the belfry window to his death in the street below the stunned bishop rushed down two hundred and ninety five church steps  when he reached the street  a crowd had gathered around the fallen figure drawn by the beautiful music they had heard only moment before  as they silently parted to let the bishop through one of them asked   bishop  who was this man      i do nt know his name   the bishop sadly replied    but his face rings a bell   the following day  despite the sadness that weighed heavily on his heart due to the unfortunate death of the armless campanologist  the bishop continued his interviews for the bell ringer of notre dame  the first man to approach him said   your excellency  i am the brother of the poor armless wretch that fell to his death from this very belfry yesterday i pray that you honour his life by allowing me to replace him in this duty  the bishop agreed to give the man an audition and  as the armless man s brother stooped to pick up a mallet to strike the first bell  he groaned clutched at his chest  twirled around  collapsed and died on the spot  two monks hearing the bishop s cries of grief at this second tragedy  rushed up the stairs to his side  what has happened  who is this man   the first monk asked breathlessly  i do nt know his name  sighed the distraught bishop  buthe s a dead ringer for his brother,long but worth it,https://www.reddit.com/r/Jokes/comments/46673f/long_but_worth_it/,46673f,jokes,humor,1455678368,spanglebot,2,0,1,1,0
bruce the shark is now called caitlyn ,i saw leaked footage of finding dory yesterday,https://www.reddit.com/r/Jokes/comments/462a90/i_saw_leaked_footage_of_finding_dory_yesterday/,462a90,jokes,humor,1455626894,laman8096,25,0,6467,3035,1
yeah  he pasta way,did you hear about the italian chef that died ?,https://www.reddit.com/r/Jokes/comments/4664ii/did_you_hear_about_the_italian_chef_that_died/,4664ii,jokes,humor,1455677383,Pra1217,2,0,1,166,0
two factory workers are talking the woman says   i can make the boss give me the day off  the man replies   and how would you do that   the woman says   just wait and see  she then hangs upsidedown from the ceiling  the boss comes in and says   what are you doing   the woman replies   i m a light bulb  the boss then says   you ve been working so much that you ve gone crazy i think you need to take the day off  the man starts to follow her and the boss says   where are you going   the man says   i m going home  too i ca nt work in the dark ,two factory workers are talking .,https://www.reddit.com/r/Jokes/comments/45xvxk/two_factory_workers_are_talking/,45xvxk,jokes,humor,1455560988,AhmerIzhar,760,0,,,0
 removed ,what is a redditors worst nightmare ?,https://www.reddit.com/r/Jokes/comments/46335o/what_is_a_redditors_worst_nightmare/,46335o,jokes,humor,1455638749,FeelingTheBernie,13,0,663,391,0
 i ll be bach ,""" hey arnold schwarzenegger , what will you be for halloween ? """,https://www.reddit.com/r/Jokes/comments/465ss8/hey_arnold_schwarzenegger_what_will_you_be_for/,465ss8,jokes,humor,1455672924,Jozoguy29,2,0,1,4177,0
row v wade,what supreme court decision applies to fishermen bringing a small boat to shore ?,https://www.reddit.com/r/Jokes/comments/463oxh/what_supreme_court_decision_applies_to_fishermen/,463oxh,jokes,humor,1455645776,PotatoMusicBinge,10,0,17059,113711,0
a physicist tells him  do nt jump  you have so much potential  ,a man is about to jump off a building .,https://www.reddit.com/r/Jokes/comments/462m6l/a_man_is_about_to_jump_off_a_building/,462m6l,jokes,humor,1455632216,luivzilla,16,0,15838,5750,0
ice cubes ,what do you call the kid of an iceland and cuban parents ?,https://www.reddit.com/r/Jokes/comments/463h5m/what_do_you_call_the_kid_of_an_iceland_and_cuban/,463h5m,jokes,humor,1455643236,crewnots,8,0,78,9865,0
because it is next to the ac,why is b so cool ?,https://www.reddit.com/r/Jokes/comments/466pes/why_is_b_so_cool/,466pes,jokes,humor,1455685821,Rom3y,1,0,19,9,0
thunderwear ,what kind of shorts do clouds wear ?,https://www.reddit.com/r/Jokes/comments/463n31/what_kind_of_shorts_do_clouds_wear/,463n31,jokes,humor,1455645147,porcupinetri,7,0,1,271,0
an incontinental breakfast,what do you call it when you shit yourself during the first meal of the day ?,https://www.reddit.com/r/Jokes/comments/464pwr/what_do_you_call_it_when_you_shit_yourself_during/,464pwr,jokes,humor,1455658379,LightningLemur,4,0,2357,75,0
but if i had to name 5 of the fattest people i know  she d be three of them ,i 'm not saying she 's fat.. .,https://www.reddit.com/r/Jokes/comments/45yixd/im_not_saying_shes_fat/,45yixd,jokes,humor,1455568058,spydeewhydee,400,0,1,40,0
one night a police officer was staking out a particularly rowdy bar for possible violations of the drivingundertheinfluence laws at closing time  he saw a fellow stumble out of the bar  trip on the curb and try his keys on five different cars before he found his then sat in the front seat fumbling around with his keys for several minutes  everyone else left the bar and drove off  finally as he started his engine and began to pull away the police officer stopped the driver  read him his rights and administered the breathalyzer test  the results showed a reading of 00 the puzzled officer demanded to know how that could be  the driver replied   tonight i m the designated decoy ,guy walks out of a bar.. .,https://www.reddit.com/r/Jokes/comments/466nj1/guy_walks_out_of_a_bar/,466nj1,jokes,humor,1455684998,80sDweeb,1,0,1,2,0
she said no both times ,"9 years ago , i asked the girl of my dreams out on a date. today , i asked her to marry me .",https://www.reddit.com/r/Jokes/comments/45zd83/9_years_ago_i_asked_the_girl_of_my_dreams_out_on/,45zd83,jokes,humor,1455577341,TheRealCalypso,239,0,39798,58405,0
urethra ,what did archimedes exclaim when he discovered his penis floated in water ?,https://www.reddit.com/r/Jokes/comments/466l31/what_did_archimedes_exclaim_when_he_discovered/,466l31,jokes,humor,1455683903,malenkylizards,0,0,950,111300,0
seems to be in bed with a lot of people these days ,i wish i could be like wall street,https://www.reddit.com/r/Jokes/comments/466k3y/i_wish_i_could_be_like_wall_street/,466k3y,jokes,humor,1455683492,slasherman,1,0,12149,598,0
a guy asks a girl to a dance she says yes  so he immediately starts preparing he goes to the car rental  stands in line to rent a limo he goes to the tailor  stands in line to rent a tux then he goes to the florist  and stands in line to get his date a corsage  the big night finally comes  so he goes to pick up his date  wearing his rented tux  in his rented limo  with her fancy corsage they drive to the dance  stand in line to get in  then finally  they re inside she says she s thirsty  so he goes to get her some punch there is no punchline ,a guy asks a girl to a dance.. .,https://www.reddit.com/r/Jokes/comments/463mpd/a_guy_asks_a_girl_to_a_dance/,463mpd,jokes,humor,1455645022,5ives,7,0,26208,5725,0
because it s always black and white ,why do people with ocd like family feud ?,https://www.reddit.com/r/Jokes/comments/465j8u/why_do_people_with_ocd_like_family_feud/,465j8u,jokes,humor,1455669191,ThePersonYouHate,2,0,2,544,0
i have selfdefecating humor,i 'm such a shitty person,https://www.reddit.com/r/Jokes/comments/466gdz/im_such_a_shitty_person/,466gdz,jokes,humor,1455681935,FeelsGood2,1,0,40,1267,0
grandma and grandpa are sitting at church on easter sunday  and grandma leans over and whispers   i just let out a silent fart  what should i do   grandpa leans back and replies   you should get new batteries for your hearing aids  ,grandma and grandpa,https://www.reddit.com/r/Jokes/comments/461yc5/grandma_and_grandpa/,461yc5,jokes,humor,1455619749,80sDweeb,22,0,1,2,0
i mean  what s 53 small loans after all ,"if anyone should donate to kanye , it should be donald trump.. .",https://www.reddit.com/r/Jokes/comments/465gjy/if_anyone_should_donate_to_kanye_it_should_be/,465gjy,jokes,humor,1455668046,AdreesInator,2,0,1,513,0
it was nt just because they were black the police had probable caws ,why did the cops pulls the crows over ?,https://www.reddit.com/r/Jokes/comments/466f1m/why_did_the_cops_pulls_the_crows_over/,466f1m,jokes,humor,1455681387,MolotovDodgeball,0,0,15583,4920,0
 deleted ,tifu by mocking a reddit mod,https://www.reddit.com/r/Jokes/comments/464dze/tifu_by_mocking_a_reddit_mod/,464dze,jokes,humor,1455654239,icecoldmind,2,0,6,158,0