my neighbor has moss on her clitoris ,d02ojhe,funny,humor,1455673908,FLGulf,1,0,64,144312,1
lettuce not make to many jokes ,d02iumx,funny,humor,1455665090,Looksatducks,1,0,1,48,0
christopher columbus also sold children as sex slaves  http  wwwhuffingtonpostcomerickasumcolumbusdayabadidea_b_742708html,d02kuqg,funny,humor,1455668295,Malkalack,2,0,1478,19270,0
rthathappened,d02uf4u,funny,humor,1455683493,WadeWilsonforPope,-3,0,675,286907,1
gt  734 nothing good on  huh ,d02p7to,funny,humor,1455674936,JoeyFatts,1,0,21259,23074,0
,4658rf,funny,humor,1455664960,brahhman,76,0,180,30,0
   you   gon na   eat   the   rest   a    that  ,d02n5a6,funny,humor,1455671813,kinsmed,2,0,1864,134175,0
well i m glad op knows the appropriate response while watching a comedy top notch post ,d02myti,funny,humor,1455671537,Sober_Sloth,6,0,120,6147,0
,463xy0,funny,humor,1455648833,nimvo,938,0,698,2,0
what do you mean recently ,d02pgnt,funny,humor,1455675317,OutcastSTYLE,14,0,1,1897,0
it s nothing more but a publicity stunt and it s fucking working beautifully ,d02sgxy,funny,humor,1455680114,Deathdeathanddeath,1,0,1,5811,0
like  the last decade or so ,d02v2cx,funny,humor,1455684687,leftnotracks,1,0,21116,44769,0
console depth of field,d02dhg8,funny,humor,1455657539,_sxb,1,0,425,38953,1
where the kisses are hers and hers and his ,d02lfn9,funny,humor,1455669181,leftnotracks,1,0,21116,44769,0
good looking couple,d02rep8,funny,humor,1455678366,lordeddardstark,2,0,1185,136482,0
he s so lucky to have found someone with a peepants fetish ,d02kpya,funny,humor,1455668088,Feroshnikop,3,0,3646,431646,0
 oh honey do nt be silly trust me  no one will notice ,d02sn28,funny,humor,1455680402,GALACTICA-Actual,1,0,663,86111,0
god damn it  all this does is make me want to be young again when i thought love was real  marriages lasted  that i could trust someone with everything  and i would live happily ever after with a beautiful woman  its all bullshit and lies    there is nothing real in that photo except maybe the dudes boner  fuckingmotherfuckinglife ,d02lx8m,funny,humor,1455669906,ZapPowerz,-4,0,24937,134465,0
that does nt belong on a public forum op is the dick ,d02pqdv,funny,humor,1455675734,91995,-12,0,1,67,0
she was surprisingly tolerant of that trunk up her ass ,d022ytj,funny,humor,1455643418,BobMuthaFuckinRoss,79,0,1,3518,0
 elephants are very clever   http  iimgurcomxohf9mggif ,d01wfat,funny,humor,1455633249,PitchforkAssistant,76,0,1373,53259,1
his sense of smell was going crazy ,d02h7rh,funny,humor,1455662643,Bonaparta,1,0,23,1868,0
recently  when i heard about all the stuff he s been doing the past couple weeks  it did nt catch me off guard in the slightest ,d02q9pe,funny,humor,1455676572,Hullabalooga,2,0,3832,26559,0
recently  ,d02tbom,funny,humor,1455681558,rokudaimehokage,1,0,1846,25161,0
does anyone actually care about what celebrities do ,d02p2to,funny,humor,1455674726,x10011010001x,3,0,69,287,0
,465wwr,funny,humor,1455674526,SweetHoneyPoon,121,0,11014,180,0
fourier series,d02litz,funny,humor,1455669307,USB_Guru,2,0,576,207,0
this is the funniest joke i ve heard in my life ,d02quje,funny,humor,1455677464,SameSexDictator,19,0,29,49,0
this made me hungry i do nt know how i feel about that ,d02r7k6,funny,humor,1455678049,OutcastSTYLE,2,0,1,1897,0
i prefer my rats crisp,d02rd80,funny,humor,1455678300,dickbuttsr,2,0,2807,11791,0
well  british people were probably already  amused by his name   http  wwwurbandictionarycomdefinephp  term  prat  ,d02sphx,funny,humor,1455680518,Beasty_Glanglemutton,2,0,9,134451,1
worth it ,d02bc60,funny,humor,1455654694,Dr_XP,12,0,27,1704,0
honestly  i hope he does end up in deep financial trouble we ll see how long kim can hang on and keep pretending she loves him ,d02vpop,funny,humor,1455685933,KicksButtson,1,0,14666,85937,0
i d try  solvethis  and  solvethisfor  as the password  see if it works ,d025x7x,funny,humor,1455647446,NotARobotSpider,2,0,1,32906,0
 he grew up   http  idailymailcoukipix20090513article118120804e88fed000005dc472_468x548jpg ,d01vyyc,funny,humor,1455632343,mort-aux-rats,29,0,1,385,0
the answer is  42 ,d026zoq,funny,humor,1455648883,din7,5,0,382,110664,1
this is exactly something my granddad would say,d02ssx0,funny,humor,1455680676,ForgottenTimeCapsule,1,0,13,1648,0
mathwaycom always has my back ,d02shpb,funny,humor,1455680151,InfiniteShock,1,0,1,119,0
you got ta be a frikken xpert to get the wifi code,d023ku1,funny,humor,1455644253,fraimsfajitas,-4,0,12233,3706,0
just go with it gurl,d026nt1,funny,humor,1455648443,Wally_Western,-2,0,1,2060,0
raw blow ,d02v27z,funny,humor,1455684679,origamifred,1,0,382,5473,0
4   the answer is 4  source  i enjoy making things up ,d025ypd,funny,humor,1455647501,InflammatoryMuskrat,10,0,1,8535,1
seeing as this is a math problem the answer may be just numbers  meaning the wifi is wep encryption  time to bust out backtrack or my iphone and crack the password i was nt always good at math ,d02mh1n,funny,humor,1455670760,hsativa,0,0,1,-1,0
just became cavemanno reason why ,d02q2op,funny,humor,1455676269,Panicbooy,1,0,1,8,0
can always wait for that guy  who ll solve it and brag about it loud enough to spread the password should nt take long  they re never to far ,d023k6m,funny,humor,1455644227,sine_nomine_meo,-2,0,1,-4,0
https  wwwyoutubecomwatch  v  pma3xbc8im,d02t1e1,funny,humor,1455681062,snotbag_pukebucket,1,0,1426,269128,1
engineering student here  this is a fourier series that s the basic formula that s the formula  and there are no values i m not going to solve it  but it is rather ambiguous as far as passwords go  ie ab is the same as ba  but only one would be the password  it s a slightly more simple application of the math from  good will hunting   edit  someone said something about there being more to it than this i google  fourier series wifi password  and the first image is this  https  iimgurcomdupruqgjpg the password is  chatime1 ,d025g56,funny,humor,1455646805,RipThrotes,60,0,1,588,0
if a shoe store never runs out of a certain pair of shoes  dose that mean that nobody wears them  or everybody wears them,d024ndj,funny,humor,1455645716,PitchforkAssistant,243,0,1373,53259,1
feet must not be shoes for this store to have any hope of success i imagine it is hard to sell a product that we are born with ,d02mp2e,funny,humor,1455671116,happysweetfunsnapyay,1,0,1,238,0
wow  i just want to commend you on your title that is all ,d02oql2,funny,humor,1455674207,MrWinklestein,1,0,1029,9217,0
it ll teach em some character,d01e7hm,jokes,humor,1455587963,Edgar-Allans-Hoe,20,0,2186,31761,0
grandma and grandpa are sitting at church on easter sunday  and grandma leans over and whispers   i just let out a silent fart  what should i do   grandpa leans back and replies   you should get new batteries for your hearing aids  ,461yc5,jokes,humor,1455619749,80sDweeb,22,0,1,2,0
so i beat him up and took his dinner money off him ,464e96,jokes,humor,1455654334,lekepeo,33,0,4703,0,0
a guy goes to the supermarket and notices an attractive woman waving at him she says hello he  s rather taken aback because he can  t place where he knows her from so he says   do you know me   to which she replies   i think you  re the father of one of my kids  now his mind travels back to the only time he has ever been unfaithful to his wife and says   my god  are you the stripper from my bachelor party that i made love to on the pool table with all my buddies watching while your partner whipped my butt with wet celery   she looks into his eyes and says calmly   no  i  m your son  s teacher ,4668vr,jokes,humor,1455679048,NittanySteve,42,0,1,287,0
i literally saw this yesterday when i was searching for  best jokes ever  on google  ,d02u1v0,jokes,humor,1455682836,DangerDragonDude,1,0,1,4484,0
gt  rawdoging a stripper,d02uy21,jokes,humor,1455684465,NickelBackThatAzzUp,1,0,1245,30412,1
then it dawned on me,464j6r,jokes,humor,1455656021,spydeewhydee,23,0,1,40,0
my girlfriend told me i was one in a million when i looked through her text messages  i had to admit she was right ,463vfk,jokes,humor,1455648017,jackdreamer1993,258,0,2,0,0
stay away from this girl,d02ut4g,jokes,humor,1455684208,FuzyDiceBongoInBack,1,0,23,864,0
that is so true if you hate someone just for their skin color  you re just not trying hard enough ,d02ins1,jokes,humor,1455664795,Bacore,14,0,5,35381,0
he says   aw  i forgot to feed the dogs again  ,466cqi,jokes,humor,1455680505,pigporkman,9,0,1,46,0
mmmm par tasti ,d0200i8,jokes,humor,1455639208,ogbarisme,2,0,5728,42452,0
little johnny doling out justice i heard that he might get recruited by robin for the teen titans under the alias of  beast boy  ,d027ql5,jokes,humor,1455649898,Toshiro46,1,0,5,5774,1
when my fists start to pop  kids start to drop ,d01uy1b,jokes,humor,1455630117,NeogeoDude88,3,0,57,113,0
clever lol ,d02e438,jokes,humor,1455658380,bearondiet,1,0,1246,2064,0
if you re wearing crocs  you probably have nt seen your feet in years ignorance is bliss ,d02vq3i,jokes,humor,1455685956,SirRupert,1,0,2987,15582,0
sounds like you have many  many pairs of crocs ,d02urgp,jokes,humor,1455684125,flippant-bastard,0,0,1,3931,0
ice cubes ,463h5m,jokes,humor,1455643236,crewnots,10,0,78,9865,0
i thought this was going to be  there are 7000 just like you ,d02m2jp,jokes,humor,1455670130,salient913,4,0,14,425,0
john meeting saint peter sounds like a euphemism for peeing ,d02h0pu,jokes,humor,1455662359,ScornMuffins,5,0,1,3034,0
i m gon na give my kids  7 a week and charge them  1 for dinner ,d02mua7,jokes,humor,1455671344,Joshmanbro,3,0,1,611,0
i saw a better version of this where the clock that was missing was george w bush s,d02fmsg,jokes,humor,1455660402,Rohitt624,1,0,1,0,0
it s a trap ,4632hm,jokes,humor,1455638515,Baltrian,30,0,1,31,0
just saying  but mother teresa is the wrong name to use for this joke her clock would be moving so fast that it could be used to cut through solid metal ,d02l95d,jokes,humor,1455668911,FoxEuphonium,0,0,1,2927,0
 please clap,d02g6ku,jokes,humor,1455661174,_PM_ME_YOUR_NIPPLES,1,0,74,86432,1
i hope he takes the hint ,d02u89y,jokes,humor,1455683149,flippant-bastard,1,0,1,3931,0
seems to be in bed with a lot of people these days ,466k3y,jokes,humor,1455683492,slasherman,1,0,12149,598,0
dough  it is crunchy now,d01rq45,jokes,humor,1455619835,RugBurnDogDick,2,0,1,74841,1
a man is driving down the highway going 90 mph when he is pulled over by a cop the cop walks up to the car and talks to the man  cop  do you know i clocked you going 90 mph  i m going to have to give you a ticket  man  please officer  i m on my way to the city my son is in the hospital and i need to be with him  cop  i m sorry but i need to give you a ticket  man  sir  i ve never had a ticket in over 40 years of driving can you please let me go  cop  how about this  i ask you a question if you get it right you get no ticket  but if you re wrong you get a ticket fair  man  sounds fair  cop  you re driving down the highway at night  and in the other lane you see 2 square lights coming toward you what is it  man  well its a car  cop  that s not specific enough  it could be a honda  a chevy or a ford  man  well that s just not fair  cop  well how about this one  you re driving down the highway and you see a singular light coming toward you what is it  man  well its obviously a motorcycle  cop  that s not specific enough  it could be a harley davidson  could be a honda  or a kawasaki man  sir these questions just are nt fair  cop  oh well  looks like you re getting a ticket  man  how about this  i ask you a question if you get it right you give me a ticket  if you re wrong i do nt get a ticket fair  cop  go ahead  man  you re driving down the street when all of a sudden you see this woman dressed very scantily  with her cleavage showing  a lot of make up  a little purse and every man that walks by her she hits on what is that  cop  well its obviously a whore  man  well that s not specific enough  it could be your wife  your mother  your daughter or your sister ,46605l,jokes,humor,1455675733,ajm0031,17,0,9843,164,0
i m gay  and frankly i m a little butt hurt about this post ,d02vft0,jokes,humor,1455685392,EdwintheLightWalker,1,0,1,13,0
you re doing it too fast ,464cpc,jokes,humor,1455653798,spydeewhydee,15,0,1,40,0
no  this was pretty good it was a racial joke  not a racist joke  using the stereotype of colored ethnicity having higher crime rates as a fact in statistics amp  the stereotype of black people being athletic  aside from fact or not  there is a stereotype which can be used legitimately  ,d02frhg,jokes,humor,1455660589,bearondiet,1,0,1246,2064,0
 ,d0270yv,jokes,humor,1455648933,CryticaLh1T,1,0,9,421,0
a naked women robs a bank nobody could remember her face ,463x9j,jokes,humor,1455648617,jackdreamer1993,104,0,2,0,0
was funny ,d029sh5,jokes,humor,1455652643,bearondiet,1,0,1246,2064,0
uhostile_unicorn ripped of your post  https  wwwredditcomrjokescomments463s7twhat_did_the_pirate_say_on_his_80th_birthday,d02a2wz,jokes,humor,1455653028,Vliolix,1,0,295,201,0
true story  ,d023pk5,jokes,humor,1455644437,GoogleIsYourFrenemy,3,0,596,12228,0
urethra ,466l31,jokes,humor,1455683903,malenkylizards,0,0,950,111300,0
to draw blood ,463yvh,jokes,humor,1455649133,spydeewhydee,30,0,1,40,0
they re a bit flashy and you can hear them miles away ,d024d0i,jokes,humor,1455645324,TicklesMcFancy,4,0,48,16689,1
yes  it s true   source   https  twittercomjebbushstatus699706718419345408 ,d02fxgd,jokes,humor,1455660815,Houston_002,3,0,4385,2665,0
or just use more lube ,d02awit,jokes,humor,1455654132,badjuju91,2,0,906,4924,0
you just keep hamming it up ,d01rez3,jokes,humor,1455618548,grendel123,1,0,1158,17653,0
margarets car broke down i need to drive her home ,d01tkon,jokes,humor,1455626521,B00ker_DeWitt,2,0,127,18384,1
hawaii ya got ta do this ,d0225oj,jokes,humor,1455642280,JeanValjean197o,1,0,1,13936,0
what s 18 inches long and hangs in front of an asshole  trump s tie,460rky,jokes,humor,1455596668,Crickeett,150,0,1,96,0
oh  i thought you re gon na say penis because you know  18 inches is such an average length ,d01laij,jokes,humor,1455599788,_sxb,27,0,425,38953,1
call the bossom identification unit ,d02gf84,jokes,humor,1455661507,murica_dream,1,0,1,1426,0
because it s always black and white ,465j8u,jokes,humor,1455669191,ThePersonYouHate,2,0,2,544,0
karma whoring at its best ,d02inp6,jokes,humor,1455664791,Toshiro46,15,0,5,5774,1
